GameName,date,time,*GameTeam*,HomeTeam-,AwayTeam-
NOP @ TOR,10/22/19,17:00,"NOP,TOR",TOR,NOP
LAL @ LAC,10/22/19,19:30,"LAL,LAC",LAC,LAL
CHI @ CHA,10/23/19,16:00,"CHI,CHA",CHA,CHI
DET @ IND,10/23/19,16:00,"DET,IND",IND,DET
CLE @ ORL,10/23/19,16:00,"CLE,ORL",ORL,CLE
MIN @ BRK,10/23/19,16:30,"MIN,BRK",BRK,MIN
MEM @ MIA,10/23/19,16:30,"MEM,MIA",MIA,MEM
BOS @ PHI,10/23/19,16:30,"BOS,PHI",PHI,BOS
WAS @ DAL,10/23/19,17:30,"WAS,DAL",DAL,WAS
NYK @ SAN,10/23/19,17:30,"NYK,SAN",SAN,NYK
OKC @ UTA,10/23/19,18:00,"OKC,UTA",UTA,OKC
SAC @ PHX,10/23/19,19:00,"SAC,PHX",PHX,SAC
DEN @ POR,10/23/19,19:00,"DEN,POR",POR,DEN
ATL @ DET,10/24/19,16:00,"ATL,DET",DET,ATL
MIL @ HOU,10/24/19,17:00,"MIL,HOU",HOU,MIL
LAC @ GSW,10/24/19,19:30,"LAC,GSW",GSW,LAC
TOR @ BOS,10/25/19,16:00,"TOR,BOS",BOS,TOR
MIN @ CHA,10/25/19,16:00,"MIN,CHA",CHA,MIN
NYK @ BRK,10/25/19,16:30,"NYK,BRK",BRK,NYK
CHI @ MEM,10/25/19,17:00,"CHI,MEM",MEM,CHI
DAL @ NOP,10/25/19,17:00,"DAL,NOP",NOP,DAL
WAS @ OKC,10/25/19,17:00,"WAS,OKC",OKC,WAS
PHX @ DEN,10/25/19,18:00,"PHX,DEN",DEN,PHX
POR @ SAC,10/25/19,19:00,"POR,SAC",SAC,POR
UTA @ LAL,10/25/19,19:30,"UTA,LAL",LAL,UTA
MIA @ MIL,10/26/19,14:00,"MIA,MIL",MIL,MIA
PHI @ DET,10/26/19,16:00,"PHI,DET",DET,PHI
ORL @ ATL,10/26/19,16:30,"ORL,ATL",ATL,ORL
BOS @ NYK,10/26/19,16:30,"BOS,NYK",NYK,BOS
IND @ CLE,10/26/19,17:00,"IND,CLE",CLE,IND
TOR @ CHI,10/26/19,17:00,"TOR,CHI",CHI,TOR
NOP @ HOU,10/26/19,17:00,"NOP,HOU",HOU,NOP
WAS @ SAN,10/26/19,17:30,"WAS,SAN",SAN,WAS
SAC @ UTA,10/26/19,18:00,"SAC,UTA",UTA,SAC
LAC @ PHX,10/26/19,19:00,"LAC,PHX",PHX,LAC
GSW @ OKC,10/27/19,12:30,"GSW,OKC",OKC,GSW
BRK @ MEM,10/27/19,15:00,"BRK,MEM",MEM,BRK
POR @ DAL,10/27/19,16:00,"POR,DAL",DAL,POR
MIA @ MIN,10/27/19,16:00,"MIA,MIN",MIN,MIA
CHA @ LAL,10/27/19,18:30,"CHA,LAL",LAL,CHA
IND @ DET,10/28/19,16:00,"IND,DET",DET,IND
CHI @ NYK,10/28/19,16:00,"CHI,NYK",NYK,CHI
PHI @ ATL,10/28/19,16:30,"PHI,ATL",ATL,PHI
ORL @ TOR,10/28/19,16:30,"ORL,TOR",TOR,ORL
OKC @ HOU,10/28/19,17:00,"OKC,HOU",HOU,OKC
CLE @ MIL,10/28/19,17:00,"CLE,MIL",MIL,CLE
GSW @ NOP,10/28/19,17:00,"GSW,NOP",NOP,GSW
POR @ SAN,10/28/19,17:30,"POR,SAN",SAN,POR
UTA @ PHX,10/28/19,19:00,"UTA,PHX",PHX,UTA
DEN @ SAC,10/28/19,19:00,"DEN,SAC",SAC,DEN
CHA @ LAC,10/28/19,19:30,"CHA,LAC",LAC,CHA
ATL @ MIA,10/29/19,16:30,"ATL,MIA",MIA,ATL
DAL @ DEN,10/29/19,18:00,"DAL,DEN",DEN,DAL
MEM @ LAL,10/29/19,19:30,"MEM,LAL",LAL,MEM
CHI @ CLE,10/30/19,16:00,"CHI,CLE",CLE,CHI
NYK @ ORL,10/30/19,16:00,"NYK,ORL",ORL,NYK
MIN @ PHI,10/30/19,16:00,"MIN,PHI",PHI,MIN
MIL @ BOS,10/30/19,16:30,"MIL,BOS",BOS,MIL
IND @ BRK,10/30/19,16:30,"IND,BRK",BRK,IND
DET @ TOR,10/30/19,16:30,"DET,TOR",TOR,DET
HOU @ WAS,10/30/19,17:00,"HOU,WAS",WAS,HOU
POR @ OKC,10/30/19,17:00,"POR,OKC",OKC,POR
LAC @ UTA,10/30/19,19:00,"LAC,UTA",UTA,LAC
CHA @ SAC,10/30/19,19:00,"CHA,SAC",SAC,CHA
PHX @ GSW,10/30/19,19:30,"PHX,GSW",GSW,PHX
MIA @ ATL,10/31/19,16:00,"MIA,ATL",ATL,MIA
DEN @ NOP,10/31/19,18:30,"DEN,NOP",NOP,DEN
SAN @ LAC,10/31/19,19:30,"SAN,LAC",LAC,SAN
HOU @ BRK,11/1/19,16:00,"HOU,BRK",BRK,HOU
CLE @ IND,11/1/19,16:00,"CLE,IND",IND,CLE
MIL @ ORL,11/1/19,16:00,"MIL,ORL",ORL,MIL
NYK @ BOS,11/1/19,16:30,"NYK,BOS",BOS,NYK
DET @ CHI,11/1/19,17:00,"DET,CHI",CHI,DET
LAL @ DAL,11/1/19,18:30,"LAL,DAL",DAL,LAL
UTA @ SAC,11/1/19,19:00,"UTA,SAC",SAC,UTA
SAN @ GSW,11/1/19,19:30,"SAN,GSW",GSW,SAN
NOP @ OKC,11/2/19,14:00,"NOP,OKC",OKC,NOP
BRK @ DET,11/2/19,16:00,"BRK,DET",DET,BRK
DEN @ ORL,11/2/19,16:00,"DEN,ORL",ORL,DEN
MIN @ WAS,11/2/19,17:00,"MIN,WAS",WAS,MIN
PHX @ MEM,11/2/19,17:00,"PHX,MEM",MEM,PHX
TOR @ MIL,11/2/19,17:00,"TOR,MIL",MIL,TOR
CHA @ GSW,11/2/19,17:30,"CHA,GSW",GSW,CHA
PHI @ POR,11/2/19,19:00,"PHI,POR",POR,PHI
CHI @ IND,11/3/19,14:00,"CHI,IND",IND,CHI
HOU @ MIA,11/3/19,15:00,"HOU,MIA",MIA,HOU
SAC @ NYK,11/3/19,15:00,"SAC,NYK",NYK,SAC
LAL @ SAN,11/3/19,16:00,"LAL,SAN",SAN,LAL
DAL @ CLE,11/3/19,16:30,"DAL,CLE",CLE,DAL
UTA @ LAC,11/3/19,18:00,"UTA,LAC",LAC,UTA
DET @ WAS,11/4/19,16:00,"DET,WAS",WAS,DET
NOP @ BRK,11/4/19,16:30,"NOP,BRK",BRK,NOP
HOU @ MEM,11/4/19,17:00,"HOU,MEM",MEM,HOU
MIL @ MIN,11/4/19,17:00,"MIL,MIN",MIN,MIL
PHI @ PHX,11/4/19,18:00,"PHI,PHX",PHX,PHI
POR @ GSW,11/4/19,19:30,"POR,GSW",GSW,POR
IND @ CHA,11/5/19,16:00,"IND,CHA",CHA,IND
BOS @ CLE,11/5/19,16:00,"BOS,CLE",CLE,BOS
SAN @ ATL,11/5/19,16:30,"SAN,ATL",ATL,SAN
LAL @ CHI,11/5/19,17:00,"LAL,CHI",CHI,LAL
ORL @ OKC,11/5/19,17:00,"ORL,OKC",OKC,ORL
MIA @ DEN,11/5/19,18:00,"MIA,DEN",DEN,MIA
NYK @ DET,11/6/19,16:00,"NYK,DET",DET,NYK
WAS @ IND,11/6/19,16:00,"WAS,IND",IND,WAS
CHI @ ATL,11/6/19,16:30,"CHI,ATL",ATL,CHI
SAC @ TOR,11/6/19,16:30,"SAC,TOR",TOR,SAC
GSW @ HOU,11/6/19,16:30,"GSW,HOU",HOU,GSW
MIN @ MEM,11/6/19,17:00,"MIN,MEM",MEM,MIN
ORL @ DAL,11/6/19,17:30,"ORL,DAL",DAL,ORL
PHI @ UTA,11/6/19,18:00,"PHI,UTA",UTA,PHI
MIL @ LAC,11/6/19,19:00,"MIL,LAC",LAC,MIL
BOS @ CHA,11/7/19,17:00,"BOS,CHA",CHA,BOS
OKC @ SAN,11/7/19,17:30,"OKC,SAN",SAN,OKC
MIA @ PHX,11/7/19,18:00,"MIA,PHX",PHX,MIA
POR @ LAC,11/7/19,19:30,"POR,LAC",LAC,POR
DET @ IND,11/8/19,16:00,"DET,IND",IND,DET
MEM @ ORL,11/8/19,16:00,"MEM,ORL",ORL,MEM
CLE @ WAS,11/8/19,16:00,"CLE,WAS",WAS,CLE
SAC @ ATL,11/8/19,16:30,"SAC,ATL",ATL,SAC
GSW @ MIN,11/8/19,17:00,"GSW,MIN",MIN,GSW
TOR @ NOP,11/8/19,17:00,"TOR,NOP",NOP,TOR
NYK @ DAL,11/8/19,17:30,"NYK,DAL",DAL,NYK
PHI @ DEN,11/8/19,18:00,"PHI,DEN",DEN,PHI
MIL @ UTA,11/8/19,18:00,"MIL,UTA",UTA,MIL
BRK @ POR,11/8/19,19:00,"BRK,POR",POR,BRK
MIA @ LAL,11/8/19,19:30,"MIA,LAL",LAL,MIA
BOS @ SAN,11/9/19,14:00,"BOS,SAN",SAN,BOS
NOP @ CHA,11/9/19,16:00,"NOP,CHA",CHA,NOP
HOU @ CHI,11/9/19,17:00,"HOU,CHI",CHI,HOU
DAL @ MEM,11/9/19,17:00,"DAL,MEM",MEM,DAL
GSW @ OKC,11/9/19,17:00,"GSW,OKC",OKC,GSW
DEN @ MIN,11/10/19,12:30,"DEN,MIN",MIN,DEN
IND @ ORL,11/10/19,15:00,"IND,ORL",ORL,IND
CHA @ PHI,11/10/19,15:00,"CHA,PHI",PHI,CHA
MIL @ OKC,11/10/19,16:00,"MIL,OKC",OKC,MIL
CLE @ NYK,11/10/19,16:30,"CLE,NYK",NYK,CLE
BRK @ PHX,11/10/19,17:00,"BRK,PHX",PHX,BRK
ATL @ POR,11/10/19,18:00,"ATL,POR",POR,ATL
TOR @ LAL,11/10/19,18:30,"TOR,LAL",LAL,TOR
MIN @ DET,11/11/19,16:00,"MIN,DET",DET,MIN
DAL @ BOS,11/11/19,16:30,"DAL,BOS",BOS,DAL
MEM @ SAN,11/11/19,16:30,"MEM,SAN",SAN,MEM
HOU @ NOP,11/11/19,17:00,"HOU,NOP",NOP,HOU
UTA @ GSW,11/11/19,19:30,"UTA,GSW",GSW,UTA
TOR @ LAC,11/11/19,19:30,"TOR,LAC",LAC,TOR
OKC @ IND,11/12/19,16:00,"OKC,IND",IND,OKC
CLE @ PHI,11/12/19,16:00,"CLE,PHI",PHI,CLE
DET @ MIA,11/12/19,16:30,"DET,MIA",MIA,DET
NYK @ CHI,11/12/19,17:00,"NYK,CHI",CHI,NYK
ATL @ DEN,11/12/19,18:00,"ATL,DEN",DEN,ATL
LAL @ PHX,11/12/19,18:00,"LAL,PHX",PHX,LAL
BRK @ UTA,11/12/19,18:00,"BRK,UTA",UTA,BRK
POR @ SAC,11/12/19,19:00,"POR,SAC",SAC,POR
MEM @ CHA,11/13/19,16:00,"MEM,CHA",CHA,MEM
PHI @ ORL,11/13/19,16:00,"PHI,ORL",ORL,PHI
WAS @ BOS,11/13/19,16:30,"WAS,BOS",BOS,WAS
LAC @ HOU,11/13/19,16:30,"LAC,HOU",HOU,LAC
SAN @ MIN,11/13/19,17:00,"SAN,MIN",MIN,SAN
GSW @ LAL,11/13/19,19:00,"GSW,LAL",LAL,GSW
TOR @ POR,11/13/19,19:00,"TOR,POR",POR,TOR
MIA @ CLE,11/14/19,15:00,"MIA,CLE",CLE,MIA
DAL @ NYK,11/14/19,17:00,"DAL,NYK",NYK,DAL
CHI @ MIL,11/14/19,17:00,"CHI,MIL",MIL,CHI
LAC @ NOP,11/14/19,17:00,"LAC,NOP",NOP,LAC
ATL @ PHX,11/14/19,18:00,"ATL,PHX",PHX,ATL
BRK @ DEN,11/14/19,19:30,"BRK,DEN",DEN,BRK
DET @ CHA,11/15/19,16:00,"DET,CHA",CHA,DET
SAN @ ORL,11/15/19,16:00,"SAN,ORL",ORL,SAN
IND @ HOU,11/15/19,17:00,"IND,HOU",HOU,IND
UTA @ MEM,11/15/19,17:00,"UTA,MEM",MEM,UTA
WAS @ MIN,11/15/19,17:00,"WAS,MIN",MIN,WAS
PHI @ OKC,11/15/19,17:00,"PHI,OKC",OKC,PHI
BOS @ GSW,11/15/19,19:30,"BOS,GSW",GSW,BOS
SAC @ LAL,11/15/19,19:30,"SAC,LAL",LAL,SAC
BRK @ CHI,11/16/19,15:00,"BRK,CHI",CHI,BRK
MIL @ IND,11/16/19,16:00,"MIL,IND",IND,MIL
CHA @ NYK,11/16/19,16:30,"CHA,NYK",NYK,CHA
NOP @ MIA,11/16/19,17:00,"NOP,MIA",MIA,NOP
HOU @ MIN,11/16/19,17:00,"HOU,MIN",MIN,HOU
TOR @ DAL,11/16/19,17:30,"TOR,DAL",DAL,TOR
POR @ SAN,11/16/19,17:30,"POR,SAN",SAN,POR
ATL @ LAC,11/16/19,19:30,"ATL,LAC",LAC,ATL
PHI @ CLE,11/17/19,12:00,"PHI,CLE",CLE,PHI
BOS @ SAC,11/17/19,12:30,"BOS,SAC",SAC,BOS
WAS @ ORL,11/17/19,15:00,"WAS,ORL",ORL,WAS
DEN @ MEM,11/17/19,15:00,"DEN,MEM",MEM,DEN
GSW @ NOP,11/17/19,16:00,"GSW,NOP",NOP,GSW
ATL @ LAL,11/17/19,18:30,"ATL,LAL",LAL,ATL
CLE @ NYK,11/18/19,16:00,"CLE,NYK",NYK,CLE
IND @ BRK,11/18/19,16:30,"IND,BRK",BRK,IND
CHA @ TOR,11/18/19,16:30,"CHA,TOR",TOR,CHA
MIL @ CHI,11/18/19,17:00,"MIL,CHI",CHI,MIL
POR @ HOU,11/18/19,17:00,"POR,HOU",HOU,POR
SAN @ DAL,11/18/19,17:30,"SAN,DAL",DAL,SAN
BOS @ PHX,11/18/19,18:00,"BOS,PHX",PHX,BOS
MIN @ UTA,11/18/19,18:00,"MIN,UTA",UTA,MIN
OKC @ LAC,11/18/19,19:30,"OKC,LAC",LAC,OKC
GSW @ MEM,11/19/19,17:00,"GSW,MEM",MEM,GSW
POR @ NOP,11/19/19,17:00,"POR,NOP",NOP,POR
PHX @ SAC,11/19/19,19:00,"PHX,SAC",SAC,PHX
OKC @ LAL,11/19/19,19:30,"OKC,LAL",LAL,OKC
NYK @ PHI,11/20/19,16:00,"NYK,PHI",PHI,NYK
SAN @ WAS,11/20/19,16:00,"SAN,WAS",WAS,SAN
MIL @ ATL,11/20/19,16:30,"MIL,ATL",ATL,MIL
CHA @ BRK,11/20/19,16:30,"CHA,BRK",BRK,CHA
CLE @ MIA,11/20/19,16:30,"CLE,MIA",MIA,CLE
ORL @ TOR,11/20/19,16:30,"ORL,TOR",TOR,ORL
GSW @ DAL,11/20/19,16:30,"GSW,DAL",DAL,GSW
DET @ CHI,11/20/19,17:00,"DET,CHI",CHI,DET
UTA @ MIN,11/20/19,17:00,"UTA,MIN",MIN,UTA
HOU @ DEN,11/20/19,18:00,"HOU,DEN",DEN,HOU
BOS @ LAC,11/20/19,19:00,"BOS,LAC",LAC,BOS
POR @ MIL,11/21/19,17:00,"POR,MIL",MIL,POR
NOP @ PHX,11/21/19,19:30,"NOP,PHX",PHX,NOP
ATL @ DET,11/22/19,16:00,"ATL,DET",DET,ATL
CHA @ WAS,11/22/19,16:00,"CHA,WAS",WAS,CHA
SAC @ BRK,11/22/19,16:30,"SAC,BRK",BRK,SAC
SAN @ PHI,11/22/19,17:00,"SAN,PHI",PHI,SAN
MIA @ CHI,11/22/19,17:00,"MIA,CHI",CHI,MIA
LAL @ OKC,11/22/19,17:00,"LAL,OKC",OKC,LAL
CLE @ DAL,11/22/19,17:30,"CLE,DAL",DAL,CLE
BOS @ DEN,11/22/19,18:00,"BOS,DEN",DEN,BOS
GSW @ UTA,11/22/19,18:00,"GSW,UTA",UTA,GSW
HOU @ LAC,11/22/19,19:30,"HOU,LAC",LAC,HOU
PHX @ MIN,11/23/19,14:00,"PHX,MIN",MIN,PHX
CHI @ CHA,11/23/19,16:00,"CHI,CHA",CHA,CHI
ORL @ IND,11/23/19,16:00,"ORL,IND",IND,ORL
TOR @ ATL,11/23/19,16:30,"TOR,ATL",ATL,TOR
SAN @ NYK,11/23/19,16:30,"SAN,NYK",NYK,SAN
MIA @ PHI,11/23/19,16:30,"MIA,PHI",PHI,MIA
POR @ CLE,11/23/19,17:00,"POR,CLE",CLE,POR
LAL @ MEM,11/23/19,17:00,"LAL,MEM",MEM,LAL
DET @ MIL,11/23/19,17:30,"DET,MIL",MIL,DET
NOP @ UTA,11/23/19,18:00,"NOP,UTA",UTA,NOP
DAL @ HOU,11/24/19,12:30,"DAL,HOU",HOU,DAL
BRK @ NYK,11/24/19,15:00,"BRK,NYK",NYK,BRK
SAC @ WAS,11/24/19,15:00,"SAC,WAS",WAS,SAC
PHX @ DEN,11/24/19,17:00,"PHX,DEN",DEN,PHX
NOP @ LAC,11/24/19,18:00,"NOP,LAC",LAC,NOP
BRK @ CLE,11/25/19,16:00,"BRK,CLE",CLE,BRK
ORL @ DET,11/25/19,16:00,"ORL,DET",DET,ORL
MEM @ IND,11/25/19,16:00,"MEM,IND",IND,MEM
MIN @ ATL,11/25/19,16:30,"MIN,ATL",ATL,MIN
SAC @ BOS,11/25/19,16:30,"SAC,BOS",BOS,SAC
CHA @ MIA,11/25/19,16:30,"CHA,MIA",MIA,CHA
PHI @ TOR,11/25/19,16:30,"PHI,TOR",TOR,PHI
POR @ CHI,11/25/19,17:00,"POR,CHI",CHI,POR
UTA @ MIL,11/25/19,17:00,"UTA,MIL",MIL,UTA
LAL @ SAN,11/25/19,17:30,"LAL,SAN",SAN,LAL
OKC @ GSW,11/25/19,19:30,"OKC,GSW",GSW,OKC
LAC @ DAL,11/26/19,17:30,"LAC,DAL",DAL,LAC
WAS @ DEN,11/26/19,18:00,"WAS,DEN",DEN,WAS
BRK @ BOS,11/27/19,16:00,"BRK,BOS",BOS,BRK
DET @ CHA,11/27/19,16:00,"DET,CHA",CHA,DET
ORL @ CLE,11/27/19,16:00,"ORL,CLE",CLE,ORL
UTA @ IND,11/27/19,16:00,"UTA,IND",IND,UTA
SAC @ PHI,11/27/19,16:00,"SAC,PHI",PHI,SAC
NYK @ TOR,11/27/19,16:30,"NYK,TOR",TOR,NYK
MIA @ HOU,11/27/19,17:00,"MIA,HOU",HOU,MIA
LAC @ MEM,11/27/19,17:00,"LAC,MEM",MEM,LAC
ATL @ MIL,11/27/19,17:00,"ATL,MIL",MIL,ATL
MIN @ SAN,11/27/19,17:30,"MIN,SAN",SAN,MIN
WAS @ PHX,11/27/19,18:00,"WAS,PHX",PHX,WAS
LAL @ NOP,11/27/19,18:30,"LAL,NOP",NOP,LAL
OKC @ POR,11/27/19,19:00,"OKC,POR",POR,OKC
CHI @ GSW,11/27/19,19:30,"CHI,GSW",GSW,CHI
BOS @ BRK,11/29/19,9:00,"BOS,BRK",BRK,BOS
CHA @ DET,11/29/19,16:00,"CHA,DET",DET,CHA
TOR @ ORL,11/29/19,16:00,"TOR,ORL",ORL,TOR
MIL @ CLE,11/29/19,16:30,"MIL,CLE",CLE,MIL
PHI @ NYK,11/29/19,16:30,"PHI,NYK",NYK,PHI
ATL @ IND,11/29/19,17:00,"ATL,IND",IND,ATL
GSW @ MIA,11/29/19,17:00,"GSW,MIA",MIA,GSW
UTA @ MEM,11/29/19,17:00,"UTA,MEM",MEM,UTA
NOP @ OKC,11/29/19,17:00,"NOP,OKC",OKC,NOP
LAC @ SAN,11/29/19,17:30,"LAC,SAN",SAN,LAC
DAL @ PHX,11/29/19,18:00,"DAL,PHX",PHX,DAL
CHI @ POR,11/29/19,19:00,"CHI,POR",POR,CHI
WAS @ LAL,11/29/19,19:30,"WAS,LAL",LAL,WAS
DEN @ SAC,11/30/19,14:00,"DEN,SAC",SAC,DEN
IND @ PHI,11/30/19,16:00,"IND,PHI",PHI,IND
ATL @ HOU,11/30/19,17:00,"ATL,HOU",HOU,ATL
CHA @ MIL,11/30/19,17:00,"CHA,MIL",MIL,CHA
MIA @ BRK,12/1/19,12:00,"MIA,BRK",BRK,MIA
BOS @ NYK,12/1/19,12:30,"BOS,NYK",NYK,BOS
MEM @ MIN,12/1/19,12:30,"MEM,MIN",MIN,MEM
DAL @ LAL,12/1/19,13:00,"DAL,LAL",LAL,DAL
SAN @ DET,12/1/19,14:00,"SAN,DET",DET,SAN
OKC @ NOP,12/1/19,14:00,"OKC,NOP",NOP,OKC
GSW @ ORL,12/1/19,15:00,"GSW,ORL",ORL,GSW
UTA @ TOR,12/1/19,15:00,"UTA,TOR",TOR,UTA
WAS @ LAC,12/1/19,19:30,"WAS,LAC",LAC,WAS
PHX @ CHA,12/2/19,16:00,"PHX,CHA",CHA,PHX
UTA @ PHI,12/2/19,16:00,"UTA,PHI",PHI,UTA
GSW @ ATL,12/2/19,16:30,"GSW,ATL",ATL,GSW
IND @ MEM,12/2/19,17:00,"IND,MEM",MEM,IND
NYK @ MIL,12/2/19,17:00,"NYK,MIL",MIL,NYK
CHI @ SAC,12/2/19,19:00,"CHI,SAC",SAC,CHI
DET @ CLE,12/3/19,16:00,"DET,CLE",CLE,DET
ORL @ WAS,12/3/19,16:00,"ORL,WAS",WAS,ORL
MIA @ TOR,12/3/19,16:30,"MIA,TOR",TOR,MIA
DAL @ NOP,12/3/19,16:30,"DAL,NOP",NOP,DAL
HOU @ SAN,12/3/19,17:30,"HOU,SAN",SAN,HOU
LAL @ DEN,12/3/19,18:00,"LAL,DEN",DEN,LAL
POR @ LAC,12/3/19,19:00,"POR,LAC",LAC,POR
GSW @ CHA,12/4/19,16:00,"GSW,CHA",CHA,GSW
MIL @ DET,12/4/19,16:00,"MIL,DET",DET,MIL
PHX @ ORL,12/4/19,16:00,"PHX,ORL",ORL,PHX
BRK @ ATL,12/4/19,16:30,"BRK,ATL",ATL,BRK
MIA @ BOS,12/4/19,16:30,"MIA,BOS",BOS,MIA
MEM @ CHI,12/4/19,17:00,"MEM,CHI",CHI,MEM
IND @ OKC,12/4/19,17:00,"IND,OKC",OKC,IND
MIN @ DAL,12/4/19,17:30,"MIN,DAL",DAL,MIN
LAL @ UTA,12/4/19,18:00,"LAL,UTA",UTA,LAL
SAC @ POR,12/4/19,19:00,"SAC,POR",POR,SAC
PHI @ WAS,12/5/19,16:00,"PHI,WAS",WAS,PHI
DEN @ NYK,12/5/19,16:30,"DEN,NYK",NYK,DEN
HOU @ TOR,12/5/19,16:30,"HOU,TOR",TOR,HOU
PHX @ NOP,12/5/19,17:00,"PHX,NOP",NOP,PHX
BRK @ CHA,12/6/19,16:00,"BRK,CHA",CHA,BRK
ORL @ CLE,12/6/19,16:00,"ORL,CLE",CLE,ORL
IND @ DET,12/6/19,16:00,"IND,DET",DET,IND
DEN @ BOS,12/6/19,17:00,"DEN,BOS",BOS,DEN
WAS @ MIA,12/6/19,17:00,"WAS,MIA",MIA,WAS
GSW @ CHI,12/6/19,17:00,"GSW,CHI",CHI,GSW
MIN @ OKC,12/6/19,17:00,"MIN,OKC",OKC,MIN
LAC @ MIL,12/6/19,17:30,"LAC,MIL",MIL,LAC
SAC @ SAN,12/6/19,17:30,"SAC,SAN",SAN,SAC
LAL @ POR,12/6/19,19:30,"LAL,POR",POR,LAL
NOP @ DAL,12/7/19,11:00,"NOP,DAL",DAL,NOP
IND @ NYK,12/7/19,16:30,"IND,NYK",NYK,IND
CLE @ PHI,12/7/19,16:30,"CLE,PHI",PHI,CLE
PHX @ HOU,12/7/19,17:00,"PHX,HOU",HOU,PHX
MEM @ UTA,12/7/19,19:00,"MEM,UTA",UTA,MEM
DEN @ BRK,12/8/19,12:00,"DEN,BRK",BRK,DEN
ATL @ CHA,12/8/19,14:00,"ATL,CHA",CHA,ATL
CHI @ MIA,12/8/19,15:00,"CHI,MIA",MIA,CHI
TOR @ PHI,12/8/19,15:00,"TOR,PHI",PHI,TOR
LAC @ WAS,12/8/19,15:00,"LAC,WAS",WAS,LAC
SAC @ DAL,12/8/19,16:00,"SAC,DAL",DAL,SAC
OKC @ POR,12/8/19,18:00,"OKC,POR",POR,OKC
MIN @ LAL,12/8/19,18:30,"MIN,LAL",LAL,MIN
LAC @ IND,12/9/19,16:00,"LAC,IND",IND,LAC
CLE @ BOS,12/9/19,16:30,"CLE,BOS",BOS,CLE
TOR @ CHI,12/9/19,17:00,"TOR,CHI",CHI,TOR
SAC @ HOU,12/9/19,17:00,"SAC,HOU",HOU,SAC
ORL @ MIL,12/9/19,17:00,"ORL,MIL",MIL,ORL
DET @ NOP,12/9/19,17:00,"DET,NOP",NOP,DET
MIN @ PHX,12/9/19,18:00,"MIN,PHX",PHX,MIN
OKC @ UTA,12/9/19,18:00,"OKC,UTA",UTA,OKC
MEM @ GSW,12/9/19,19:30,"MEM,GSW",GSW,MEM
WAS @ CHA,12/10/19,16:00,"WAS,CHA",CHA,WAS
DEN @ PHI,12/10/19,16:00,"DEN,PHI",PHI,DEN
ATL @ MIA,12/10/19,17:00,"ATL,MIA",MIA,ATL
NYK @ POR,12/10/19,19:00,"NYK,POR",POR,NYK
HOU @ CLE,12/11/19,16:00,"HOU,CLE",CLE,HOU
BOS @ IND,12/11/19,16:00,"BOS,IND",IND,BOS
LAL @ ORL,12/11/19,16:00,"LAL,ORL",ORL,LAL
LAC @ TOR,12/11/19,16:00,"LAC,TOR",TOR,LAC
CHA @ BRK,12/11/19,16:30,"CHA,BRK",BRK,CHA
ATL @ CHI,12/11/19,17:00,"ATL,CHI",CHI,ATL
UTA @ MIN,12/11/19,17:00,"UTA,MIN",MIN,UTA
MEM @ PHX,12/11/19,18:00,"MEM,PHX",PHX,MEM
NOP @ MIL,12/11/19,18:30,"NOP,MIL",MIL,NOP
OKC @ SAC,12/11/19,19:00,"OKC,SAC",SAC,OKC
NYK @ GSW,12/11/19,19:30,"NYK,GSW",GSW,NYK
PHI @ BOS,12/12/19,17:00,"PHI,BOS",BOS,PHI
CLE @ SAN,12/12/19,17:30,"CLE,SAN",SAN,CLE
DAL @ DET,12/12/19,18:00,"DAL,DET",DET,DAL
POR @ DEN,12/12/19,19:30,"POR,DEN",DEN,POR
HOU @ ORL,12/13/19,16:00,"HOU,ORL",ORL,HOU
NOP @ PHI,12/13/19,16:00,"NOP,PHI",PHI,NOP
IND @ ATL,12/13/19,16:30,"IND,ATL",ATL,IND
LAL @ MIA,12/13/19,17:00,"LAL,MIA",MIA,LAL
CHA @ CHI,12/13/19,17:00,"CHA,CHI",CHI,CHA
MIL @ MEM,12/13/19,17:00,"MIL,MEM",MEM,MIL
LAC @ MIN,12/13/19,17:00,"LAC,MIN",MIN,LAC
NYK @ SAC,12/13/19,19:00,"NYK,SAC",SAC,NYK
GSW @ UTA,12/13/19,19:30,"GSW,UTA",UTA,GSW
SAN @ PHX,12/14/19,14:00,"SAN,PHX",PHX,SAN
BRK @ TOR,12/14/19,16:30,"BRK,TOR",TOR,BRK
LAC @ CHI,12/14/19,17:00,"LAC,CHI",CHI,LAC
WAS @ MEM,12/14/19,17:00,"WAS,MEM",MEM,WAS
MIA @ DAL,12/14/19,17:30,"MIA,DAL",DAL,MIA
CLE @ MIL,12/14/19,17:30,"CLE,MIL",MIL,CLE
DET @ HOU,12/14/19,18:00,"DET,HOU",HOU,DET
OKC @ DEN,12/14/19,18:00,"OKC,DEN",DEN,OKC
ORL @ NOP,12/15/19,12:30,"ORL,NOP",NOP,ORL
CHA @ IND,12/15/19,14:00,"CHA,IND",IND,CHA
LAL @ ATL,12/15/19,15:00,"LAL,ATL",ATL,LAL
PHI @ BRK,12/15/19,15:00,"PHI,BRK",BRK,PHI
NYK @ DEN,12/15/19,17:00,"NYK,DEN",DEN,NYK
SAC @ GSW,12/15/19,17:30,"SAC,GSW",GSW,SAC
WAS @ DET,12/16/19,16:00,"WAS,DET",DET,WAS
CLE @ TOR,12/16/19,16:30,"CLE,TOR",TOR,CLE
SAN @ HOU,12/16/19,17:00,"SAN,HOU",HOU,SAN
MIA @ MEM,12/16/19,17:00,"MIA,MEM",MEM,MIA
DAL @ MIL,12/16/19,17:00,"DAL,MIL",MIL,DAL
CHI @ OKC,12/16/19,17:00,"CHI,OKC",OKC,CHI
POR @ PHX,12/16/19,18:00,"POR,PHX",PHX,POR
SAC @ CHA,12/17/19,16:00,"SAC,CHA",CHA,SAC
LAL @ IND,12/17/19,16:00,"LAL,IND",IND,LAL
ATL @ NYK,12/17/19,16:30,"ATL,NYK",NYK,ATL
BRK @ NOP,12/17/19,17:00,"BRK,NOP",NOP,BRK
ORL @ UTA,12/17/19,18:00,"ORL,UTA",UTA,ORL
PHX @ LAC,12/17/19,19:30,"PHX,LAC",LAC,PHX
CHA @ CLE,12/18/19,16:00,"CHA,CLE",CLE,CHA
TOR @ DET,12/18/19,16:00,"TOR,DET",DET,TOR
CHI @ WAS,12/18/19,16:00,"CHI,WAS",WAS,CHI
MIA @ PHI,12/18/19,16:30,"MIA,PHI",PHI,MIA
NOP @ MIN,12/18/19,17:00,"NOP,MIN",MIN,NOP
MEM @ OKC,12/18/19,17:00,"MEM,OKC",OKC,MEM
BOS @ DAL,12/18/19,17:30,"BOS,DAL",DAL,BOS
ORL @ DEN,12/18/19,18:00,"ORL,DEN",DEN,ORL
GSW @ POR,12/18/19,19:00,"GSW,POR",POR,GSW
UTA @ ATL,12/19/19,16:30,"UTA,ATL",ATL,UTA
LAL @ MIL,12/19/19,17:00,"LAL,MIL",MIL,LAL
BRK @ SAN,12/19/19,17:30,"BRK,SAN",SAN,BRK
HOU @ LAC,12/19/19,19:30,"HOU,LAC",LAC,HOU
MEM @ CLE,12/20/19,16:00,"MEM,CLE",CLE,MEM
SAC @ IND,12/20/19,16:00,"SAC,IND",IND,SAC
DET @ BOS,12/20/19,16:30,"DET,BOS",BOS,DET
WAS @ TOR,12/20/19,16:30,"WAS,TOR",TOR,WAS
NYK @ MIA,12/20/19,17:00,"NYK,MIA",MIA,NYK
DAL @ PHI,12/20/19,17:00,"DAL,PHI",PHI,DAL
PHX @ OKC,12/20/19,17:00,"PHX,OKC",OKC,PHX
MIN @ DEN,12/20/19,18:00,"MIN,DEN",DEN,MIN
ORL @ POR,12/20/19,19:00,"ORL,POR",POR,ORL
NOP @ GSW,12/20/19,19:30,"NOP,GSW",GSW,NOP
UTA @ CHA,12/21/19,14:00,"UTA,CHA",CHA,UTA
ATL @ BRK,12/21/19,15:00,"ATL,BRK",BRK,ATL
CHI @ DET,12/21/19,16:00,"CHI,DET",DET,CHI
WAS @ PHI,12/21/19,16:00,"WAS,PHI",PHI,WAS
MIL @ NYK,12/21/19,16:30,"MIL,NYK",NYK,MIL
SAC @ MEM,12/21/19,17:00,"SAC,MEM",MEM,SAC
LAC @ SAN,12/21/19,17:30,"LAC,SAN",SAN,LAC
HOU @ PHX,12/21/19,18:00,"HOU,PHX",PHX,HOU
MIN @ POR,12/21/19,19:00,"MIN,POR",POR,MIN
DAL @ TOR,12/22/19,12:30,"DAL,TOR",TOR,DAL
CHA @ BOS,12/22/19,15:00,"CHA,BOS",BOS,CHA
IND @ MIL,12/22/19,16:00,"IND,MIL",MIL,IND
LAC @ OKC,12/22/19,16:00,"LAC,OKC",OKC,LAC
DEN @ LAL,12/22/19,18:30,"DEN,LAL",LAL,DEN
ATL @ CLE,12/23/19,16:00,"ATL,CLE",CLE,ATL
PHI @ DET,12/23/19,16:00,"PHI,DET",DET,PHI
TOR @ IND,12/23/19,16:00,"TOR,IND",IND,TOR
WAS @ NYK,12/23/19,16:00,"WAS,NYK",NYK,WAS
CHI @ ORL,12/23/19,16:00,"CHI,ORL",ORL,CHI
UTA @ MIA,12/23/19,16:30,"UTA,MIA",MIA,UTA
SAN @ MEM,12/23/19,17:00,"SAN,MEM",MEM,SAN
DEN @ PHX,12/23/19,18:00,"DEN,PHX",PHX,DEN
NOP @ POR,12/23/19,19:00,"NOP,POR",POR,NOP
HOU @ SAC,12/23/19,19:00,"HOU,SAC",SAC,HOU
MIN @ GSW,12/23/19,19:30,"MIN,GSW",GSW,MIN
BOS @ TOR,12/25/19,9:00,"BOS,TOR",TOR,BOS
MIL @ PHI,12/25/19,11:30,"MIL,PHI",PHI,MIL
HOU @ GSW,12/25/19,14:00,"HOU,GSW",GSW,HOU
LAC @ LAL,12/25/19,17:00,"LAC,LAL",LAL,LAC
NOP @ DEN,12/25/19,19:30,"NOP,DEN",DEN,NOP
WAS @ DET,12/26/19,16:00,"WAS,DET",DET,WAS
NYK @ BRK,12/26/19,17:00,"NYK,BRK",BRK,NYK
MEM @ OKC,12/26/19,17:00,"MEM,OKC",OKC,MEM
SAN @ DAL,12/26/19,17:30,"SAN,DAL",DAL,SAN
MIN @ SAC,12/26/19,19:00,"MIN,SAC",SAC,MIN
POR @ UTA,12/26/19,19:30,"POR,UTA",UTA,POR
CLE @ BOS,12/27/19,13:00,"CLE,BOS",BOS,CLE
OKC @ CHA,12/27/19,16:00,"OKC,CHA",CHA,OKC
PHI @ ORL,12/27/19,16:00,"PHI,ORL",ORL,PHI
MIL @ ATL,12/27/19,16:30,"MIL,ATL",ATL,MIL
IND @ MIA,12/27/19,17:00,"IND,MIA",MIA,IND
PHX @ GSW,12/27/19,19:30,"PHX,GSW",GSW,PHX
MEM @ DEN,12/28/19,14:00,"MEM,DEN",DEN,MEM
TOR @ BOS,12/28/19,16:00,"TOR,BOS",BOS,TOR
IND @ NOP,12/28/19,16:00,"IND,NOP",NOP,IND
PHI @ MIA,12/28/19,17:00,"PHI,MIA",MIA,PHI
NYK @ WAS,12/28/19,17:00,"NYK,WAS",WAS,NYK
ATL @ CHI,12/28/19,17:00,"ATL,CHI",CHI,ATL
BRK @ HOU,12/28/19,17:00,"BRK,HOU",HOU,BRK
CLE @ MIN,12/28/19,17:00,"CLE,MIN",MIN,CLE
ORL @ MIL,12/28/19,17:30,"ORL,MIL",MIL,ORL
DET @ SAN,12/28/19,17:30,"DET,SAN",SAN,DET
DAL @ GSW,12/28/19,17:30,"DAL,GSW",GSW,DAL
PHX @ SAC,12/28/19,18:00,"PHX,SAC",SAC,PHX
LAL @ POR,12/28/19,19:00,"LAL,POR",POR,LAL
UTA @ LAC,12/28/19,19:30,"UTA,LAC",LAC,UTA
OKC @ TOR,12/29/19,15:00,"OKC,TOR",TOR,OKC
CHA @ MEM,12/29/19,17:00,"CHA,MEM",MEM,CHA
HOU @ NOP,12/29/19,17:00,"HOU,NOP",NOP,HOU
SAC @ DEN,12/29/19,17:00,"SAC,DEN",DEN,SAC
DAL @ LAL,12/29/19,18:30,"DAL,LAL",LAL,DAL
ATL @ ORL,12/30/19,16:00,"ATL,ORL",ORL,ATL
MIA @ WAS,12/30/19,16:00,"MIA,WAS",WAS,MIA
MIL @ CHI,12/30/19,17:00,"MIL,CHI",CHI,MIL
BRK @ MIN,12/30/19,17:00,"BRK,MIN",MIN,BRK
DET @ UTA,12/30/19,18:00,"DET,UTA",UTA,DET
PHX @ POR,12/30/19,19:00,"PHX,POR",POR,PHX
BOS @ CHA,12/31/19,12:00,"BOS,CHA",CHA,BOS
PHI @ IND,12/31/19,12:00,"PHI,IND",IND,PHI
LAC @ SAC,12/31/19,14:00,"LAC,SAC",SAC,LAC
CLE @ TOR,12/31/19,16:00,"CLE,TOR",TOR,CLE
DEN @ HOU,12/31/19,16:00,"DEN,HOU",HOU,DEN
GSW @ SAN,12/31/19,16:00,"GSW,SAN",SAN,GSW
DAL @ OKC,12/31/19,17:00,"DAL,OKC",OKC,DAL
ORL @ WAS,1/1/20,15:00,"ORL,WAS",WAS,ORL
POR @ NYK,1/1/20,16:30,"POR,NYK",NYK,POR
MIN @ MIL,1/1/20,17:00,"MIN,MIL",MIL,MIN
PHX @ LAL,1/1/20,19:30,"PHX,LAL",LAL,PHX
CHA @ CLE,1/2/20,16:00,"CHA,CLE",CLE,CHA
DEN @ IND,1/2/20,16:00,"DEN,IND",IND,DEN
TOR @ MIA,1/2/20,16:30,"TOR,MIA",MIA,TOR
UTA @ CHI,1/2/20,17:00,"UTA,CHI",CHI,UTA
GSW @ MIN,1/2/20,17:00,"GSW,MIN",MIN,GSW
BRK @ DAL,1/2/20,17:30,"BRK,DAL",DAL,BRK
OKC @ SAN,1/2/20,17:30,"OKC,SAN",SAN,OKC
MEM @ SAC,1/2/20,19:00,"MEM,SAC",SAC,MEM
DET @ LAC,1/2/20,19:30,"DET,LAC",LAC,DET
ATL @ BOS,1/3/20,16:00,"ATL,BOS",BOS,ATL
MIA @ ORL,1/3/20,16:00,"MIA,ORL",ORL,MIA
POR @ WAS,1/3/20,16:00,"POR,WAS",WAS,POR
PHI @ HOU,1/3/20,17:00,"PHI,HOU",HOU,PHI
NYK @ PHX,1/3/20,18:00,"NYK,PHX",PHX,NYK
NOP @ LAL,1/3/20,19:30,"NOP,LAL",LAL,NOP
MEM @ LAC,1/4/20,12:30,"MEM,LAC",LAC,MEM
TOR @ BRK,1/4/20,15:00,"TOR,BRK",BRK,TOR
UTA @ ORL,1/4/20,16:00,"UTA,ORL",ORL,UTA
IND @ ATL,1/4/20,16:30,"IND,ATL",ATL,IND
OKC @ CLE,1/4/20,16:30,"OKC,CLE",CLE,OKC
DEN @ WAS,1/4/20,17:00,"DEN,WAS",WAS,DEN
BOS @ CHI,1/4/20,17:00,"BOS,CHI",CHI,BOS
CHA @ DAL,1/4/20,17:30,"CHA,DAL",DAL,CHA
SAN @ MIL,1/4/20,17:30,"SAN,MIL",MIL,SAN
DET @ GSW,1/4/20,17:30,"DET,GSW",GSW,DET
NOP @ SAC,1/4/20,19:00,"NOP,SAC",SAC,NOP
NYK @ LAC,1/5/20,12:30,"NYK,LAC",LAC,NYK
POR @ MIA,1/5/20,15:00,"POR,MIA",MIA,POR
MIN @ CLE,1/5/20,16:30,"MIN,CLE",CLE,MIN
MEM @ PHX,1/5/20,17:00,"MEM,PHX",PHX,MEM
DET @ LAL,1/5/20,19:00,"DET,LAL",LAL,DET
IND @ CHA,1/6/20,16:00,"IND,CHA",CHA,IND
BRK @ ORL,1/6/20,16:00,"BRK,ORL",ORL,BRK
OKC @ PHI,1/6/20,16:00,"OKC,PHI",PHI,OKC
BOS @ WAS,1/6/20,16:00,"BOS,WAS",WAS,BOS
DEN @ ATL,1/6/20,16:30,"DEN,ATL",ATL,DEN
UTA @ NOP,1/6/20,17:00,"UTA,NOP",NOP,UTA
CHI @ DAL,1/6/20,17:30,"CHI,DAL",DAL,CHI
MIL @ SAN,1/6/20,17:30,"MIL,SAN",SAN,MIL
GSW @ SAC,1/6/20,19:00,"GSW,SAC",SAC,GSW
DET @ CLE,1/7/20,16:00,"DET,CLE",CLE,DET
POR @ TOR,1/7/20,16:00,"POR,TOR",TOR,POR
OKC @ BRK,1/7/20,16:30,"OKC,BRK",BRK,OKC
MIN @ MEM,1/7/20,17:00,"MIN,MEM",MEM,MIN
SAC @ PHX,1/7/20,18:00,"SAC,PHX",PHX,SAC
NYK @ LAL,1/7/20,19:30,"NYK,LAL",LAL,NYK
SAN @ BOS,1/8/20,16:00,"SAN,BOS",BOS,SAN
TOR @ CHA,1/8/20,16:00,"TOR,CHA",CHA,TOR
MIA @ IND,1/8/20,16:00,"MIA,IND",IND,MIA
WAS @ ORL,1/8/20,16:00,"WAS,ORL",ORL,WAS
HOU @ ATL,1/8/20,16:30,"HOU,ATL",ATL,HOU
DEN @ DAL,1/8/20,16:30,"DEN,DAL",DAL,DEN
CHI @ NOP,1/8/20,17:00,"CHI,NOP",NOP,CHI
NYK @ UTA,1/8/20,18:00,"NYK,UTA",UTA,NYK
MIL @ GSW,1/8/20,19:00,"MIL,GSW",GSW,MIL
CLE @ DET,1/9/20,16:00,"CLE,DET",DET,CLE
BOS @ PHI,1/9/20,16:00,"BOS,PHI",PHI,BOS
POR @ MIN,1/9/20,17:00,"POR,MIN",MIN,POR
HOU @ OKC,1/9/20,18:30,"HOU,OKC",OKC,HOU
ATL @ WAS,1/10/20,16:00,"ATL,WAS",WAS,ATL
MIA @ BRK,1/10/20,16:30,"MIA,BRK",BRK,MIA
NOP @ NYK,1/10/20,17:00,"NOP,NYK",NYK,NOP
IND @ CHI,1/10/20,17:00,"IND,CHI",CHI,IND
SAN @ MEM,1/10/20,17:00,"SAN,MEM",MEM,SAN
LAL @ DAL,1/10/20,17:30,"LAL,DAL",DAL,LAL
ORL @ PHX,1/10/20,18:00,"ORL,PHX",PHX,ORL
CHA @ UTA,1/10/20,18:00,"CHA,UTA",UTA,CHA
MIL @ SAC,1/10/20,19:00,"MIL,SAC",SAC,MIL
GSW @ LAC,1/10/20,19:30,"GSW,LAC",LAC,GSW
MIN @ HOU,1/11/20,14:00,"MIN,HOU",HOU,MIN
NOP @ BOS,1/11/20,16:00,"NOP,BOS",BOS,NOP
CHI @ DET,1/11/20,16:00,"CHI,DET",DET,CHI
LAL @ OKC,1/11/20,17:00,"LAL,OKC",OKC,LAL
PHI @ DAL,1/11/20,17:30,"PHI,DAL",DAL,PHI
CLE @ DEN,1/11/20,18:00,"CLE,DEN",DEN,CLE
MIL @ POR,1/11/20,19:00,"MIL,POR",POR,MIL
MIA @ NYK,1/12/20,12:30,"MIA,NYK",NYK,MIA
UTA @ WAS,1/12/20,12:30,"UTA,WAS",WAS,UTA
ATL @ BRK,1/12/20,15:00,"ATL,BRK",BRK,ATL
SAN @ TOR,1/12/20,15:00,"SAN,TOR",TOR,SAN
GSW @ MEM,1/12/20,15:00,"GSW,MEM",MEM,GSW
LAC @ DEN,1/12/20,17:00,"LAC,DEN",DEN,LAC
CHA @ PHX,1/12/20,17:00,"CHA,PHX",PHX,CHA
NOP @ DET,1/13/20,16:00,"NOP,DET",DET,NOP
PHI @ IND,1/13/20,16:00,"PHI,IND",IND,PHI
CHI @ BOS,1/13/20,16:30,"CHI,BOS",BOS,CHI
OKC @ MIN,1/13/20,17:00,"OKC,MIN",MIN,OKC
CHA @ POR,1/13/20,19:00,"CHA,POR",POR,CHA
ORL @ SAC,1/13/20,19:00,"ORL,SAC",SAC,ORL
CLE @ LAL,1/13/20,19:30,"CLE,LAL",LAL,CLE
PHX @ ATL,1/14/20,16:30,"PHX,ATL",ATL,PHX
UTA @ BRK,1/14/20,16:30,"UTA,BRK",BRK,UTA
HOU @ MEM,1/14/20,17:00,"HOU,MEM",MEM,HOU
NYK @ MIL,1/14/20,17:00,"NYK,MIL",MIL,NYK
DAL @ GSW,1/14/20,19:30,"DAL,GSW",GSW,DAL
CLE @ LAC,1/14/20,19:30,"CLE,LAC",LAC,CLE
DET @ BOS,1/15/20,16:00,"DET,BOS",BOS,DET
BRK @ PHI,1/15/20,16:00,"BRK,PHI",PHI,BRK
SAN @ MIA,1/15/20,16:30,"SAN,MIA",MIA,SAN
WAS @ CHI,1/15/20,17:00,"WAS,CHI",CHI,WAS
IND @ MIN,1/15/20,17:00,"IND,MIN",MIN,IND
TOR @ OKC,1/15/20,17:00,"TOR,OKC",OKC,TOR
CHA @ DEN,1/15/20,18:00,"CHA,DEN",DEN,CHA
POR @ HOU,1/15/20,18:30,"POR,HOU",HOU,POR
DAL @ SAC,1/15/20,19:00,"DAL,SAC",SAC,DAL
ORL @ LAL,1/15/20,19:30,"ORL,LAL",LAL,ORL
PHX @ NYK,1/16/20,16:30,"PHX,NYK",NYK,PHX
BOS @ MIL,1/16/20,17:00,"BOS,MIL",MIL,BOS
UTA @ NOP,1/16/20,17:00,"UTA,NOP",NOP,UTA
DEN @ GSW,1/16/20,19:30,"DEN,GSW",GSW,DEN
ORL @ LAC,1/16/20,19:30,"ORL,LAC",LAC,ORL
MIN @ IND,1/17/20,16:00,"MIN,IND",IND,MIN
CHI @ PHI,1/17/20,16:00,"CHI,PHI",PHI,CHI
WAS @ TOR,1/17/20,16:00,"WAS,TOR",TOR,WAS
CLE @ MEM,1/17/20,17:00,"CLE,MEM",MEM,CLE
MIA @ OKC,1/17/20,17:00,"MIA,OKC",OKC,MIA
ATL @ SAN,1/17/20,17:30,"ATL,SAN",SAN,ATL
POR @ DAL,1/17/20,18:30,"POR,DAL",DAL,POR
LAC @ NOP,1/18/20,12:30,"LAC,NOP",NOP,LAC
MIL @ BRK,1/18/20,15:00,"MIL,BRK",BRK,MIL
PHX @ BOS,1/18/20,16:00,"PHX,BOS",BOS,PHX
DET @ ATL,1/18/20,16:30,"DET,ATL",ATL,DET
PHI @ NYK,1/18/20,16:30,"PHI,NYK",NYK,PHI
CLE @ CHI,1/18/20,17:00,"CLE,CHI",CHI,CLE
TOR @ MIN,1/18/20,17:00,"TOR,MIN",MIN,TOR
LAL @ HOU,1/18/20,17:30,"LAL,HOU",HOU,LAL
ORL @ GSW,1/18/20,17:30,"ORL,GSW",GSW,ORL
POR @ OKC,1/18/20,18:00,"POR,OKC",OKC,POR
SAC @ UTA,1/18/20,18:00,"SAC,UTA",UTA,SAC
MIA @ SAN,1/19/20,12:00,"MIA,SAN",SAN,MIA
IND @ DEN,1/19/20,17:00,"IND,DEN",DEN,IND
DET @ WAS,1/20/20,11:00,"DET,WAS",WAS,DET
TOR @ ATL,1/20/20,11:30,"TOR,ATL",ATL,TOR
PHI @ BRK,1/20/20,12:00,"PHI,BRK",BRK,PHI
ORL @ CHA,1/20/20,14:00,"ORL,CHA",CHA,ORL
NYK @ CLE,1/20/20,14:00,"NYK,CLE",CLE,NYK
SAC @ MIA,1/20/20,14:00,"SAC,MIA",MIA,SAC
OKC @ HOU,1/20/20,14:00,"OKC,HOU",HOU,OKC
NOP @ MEM,1/20/20,14:00,"NOP,MEM",MEM,NOP
CHI @ MIL,1/20/20,14:00,"CHI,MIL",MIL,CHI
LAL @ BOS,1/20/20,16:30,"LAL,BOS",BOS,LAL
DEN @ MIN,1/20/20,17:00,"DEN,MIN",MIN,DEN
SAN @ PHX,1/20/20,18:00,"SAN,PHX",PHX,SAN
IND @ UTA,1/20/20,18:00,"IND,UTA",UTA,IND
GSW @ POR,1/20/20,19:00,"GSW,POR",POR,GSW
LAC @ DAL,1/21/20,17:30,"LAC,DAL",DAL,LAC
SAC @ DET,1/22/20,16:00,"SAC,DET",DET,SAC
OKC @ ORL,1/22/20,16:00,"OKC,ORL",ORL,OKC
LAC @ ATL,1/22/20,16:30,"LAC,ATL",ATL,LAC
MEM @ BOS,1/22/20,16:30,"MEM,BOS",BOS,MEM
WAS @ MIA,1/22/20,16:30,"WAS,MIA",MIA,WAS
LAL @ NYK,1/22/20,16:30,"LAL,NYK",NYK,LAL
PHI @ TOR,1/22/20,16:30,"PHI,TOR",TOR,PHI
MIN @ CHI,1/22/20,17:00,"MIN,CHI",CHI,MIN
DEN @ HOU,1/22/20,17:00,"DEN,HOU",HOU,DEN
SAN @ NOP,1/22/20,17:00,"SAN,NOP",NOP,SAN
IND @ PHX,1/22/20,18:00,"IND,PHX",PHX,IND
UTA @ GSW,1/22/20,19:00,"UTA,GSW",GSW,UTA
WAS @ CLE,1/23/20,16:00,"WAS,CLE",CLE,WAS
LAL @ BRK,1/23/20,17:00,"LAL,BRK",BRK,LAL
DAL @ POR,1/23/20,19:30,"DAL,POR",POR,DAL
MIL @ CHA,1/24/20,12:00,"MIL,CHA",CHA,MIL
MEM @ DET,1/24/20,16:00,"MEM,DET",DET,MEM
BOS @ ORL,1/24/20,16:00,"BOS,ORL",ORL,BOS
TOR @ NYK,1/24/20,16:30,"TOR,NYK",NYK,TOR
LAC @ MIA,1/24/20,17:00,"LAC,MIA",MIA,LAC
SAC @ CHI,1/24/20,17:00,"SAC,CHI",CHI,SAC
HOU @ MIN,1/24/20,17:00,"HOU,MIN",MIN,HOU
DEN @ NOP,1/24/20,17:00,"DEN,NOP",NOP,DEN
ATL @ OKC,1/24/20,17:00,"ATL,OKC",OKC,ATL
PHX @ SAN,1/24/20,17:30,"PHX,SAN",SAN,PHX
IND @ GSW,1/24/20,19:30,"IND,GSW",GSW,IND
DAL @ UTA,1/25/20,14:00,"DAL,UTA",UTA,DAL
BRK @ DET,1/25/20,16:00,"BRK,DET",DET,BRK
CHI @ CLE,1/25/20,17:00,"CHI,CLE",CLE,CHI
OKC @ MIN,1/25/20,17:00,"OKC,MIN",MIN,OKC
LAL @ PHI,1/25/20,17:30,"LAL,PHI",PHI,LAL
HOU @ DEN,1/26/20,12:30,"HOU,DEN",DEN,HOU
TOR @ SAN,1/26/20,13:00,"TOR,SAN",SAN,TOR
WAS @ ATL,1/26/20,15:00,"WAS,ATL",ATL,WAS
BRK @ NYK,1/26/20,15:00,"BRK,NYK",NYK,BRK
LAC @ ORL,1/26/20,15:00,"LAC,ORL",ORL,LAC
PHX @ MEM,1/26/20,15:00,"PHX,MEM",MEM,PHX
BOS @ NOP,1/26/20,15:00,"BOS,NOP",NOP,BOS
IND @ POR,1/26/20,18:00,"IND,POR",POR,IND
CLE @ DET,1/27/20,16:00,"CLE,DET",DET,CLE
ORL @ MIA,1/27/20,16:30,"ORL,MIA",MIA,ORL
SAN @ CHI,1/27/20,17:00,"SAN,CHI",CHI,SAN
SAC @ MIN,1/27/20,17:00,"SAC,MIN",MIN,SAC
DAL @ OKC,1/27/20,17:00,"DAL,OKC",OKC,DAL
HOU @ UTA,1/27/20,18:00,"HOU,UTA",UTA,HOU
NYK @ CHA,1/28/20,16:00,"NYK,CHA",CHA,NYK
NOP @ CLE,1/28/20,16:30,"NOP,CLE",CLE,NOP
BOS @ MIA,1/28/20,16:30,"BOS,MIA",MIA,BOS
GSW @ PHI,1/28/20,16:30,"GSW,PHI",PHI,GSW
ATL @ TOR,1/28/20,16:30,"ATL,TOR",TOR,ATL
DEN @ MEM,1/28/20,17:00,"DEN,MEM",MEM,DEN
WAS @ MIL,1/28/20,17:00,"WAS,MIL",MIL,WAS
PHX @ DAL,1/28/20,17:30,"PHX,DAL",DAL,PHX
LAC @ LAL,1/28/20,19:00,"LAC,LAL",LAL,LAC
CHI @ IND,1/29/20,16:00,"CHI,IND",IND,CHI
DET @ BRK,1/29/20,16:30,"DET,BRK",BRK,DET
MEM @ NYK,1/29/20,16:30,"MEM,NYK",NYK,MEM
UTA @ SAN,1/29/20,17:30,"UTA,SAN",SAN,UTA
HOU @ POR,1/29/20,19:00,"HOU,POR",POR,HOU
OKC @ SAC,1/29/20,19:00,"OKC,SAC",SAC,OKC
TOR @ CLE,1/30/20,16:00,"TOR,CLE",CLE,TOR
CHA @ WAS,1/30/20,16:00,"CHA,WAS",WAS,CHA
PHI @ ATL,1/30/20,16:30,"PHI,ATL",ATL,PHI
GSW @ BOS,1/30/20,17:00,"GSW,BOS",BOS,GSW
UTA @ DEN,1/30/20,19:30,"UTA,DEN",DEN,UTA
SAC @ LAC,1/30/20,19:30,"SAC,LAC",LAC,SAC
TOR @ DET,1/31/20,16:00,"TOR,DET",DET,TOR
CHI @ BRK,1/31/20,16:30,"CHI,BRK",BRK,CHI
DAL @ HOU,1/31/20,17:00,"DAL,HOU",HOU,DAL
MEM @ NOP,1/31/20,17:00,"MEM,NOP",NOP,MEM
DEN @ MIL,1/31/20,18:00,"DEN,MIL",MIL,DEN
OKC @ PHX,1/31/20,18:00,"OKC,PHX",PHX,OKC
POR @ LAL,1/31/20,19:30,"POR,LAL",LAL,POR
MIN @ LAC,2/1/20,12:30,"MIN,LAC",LAC,MIN
NYK @ IND,2/1/20,16:00,"NYK,IND",IND,NYK
MIA @ ORL,2/1/20,16:00,"MIA,ORL",ORL,MIA
GSW @ CLE,2/1/20,17:00,"GSW,CLE",CLE,GSW
BRK @ WAS,2/1/20,17:00,"BRK,WAS",WAS,BRK
PHI @ BOS,2/1/20,17:30,"PHI,BOS",BOS,PHI
ATL @ DAL,2/1/20,17:30,"ATL,DAL",DAL,ATL
CHA @ SAN,2/1/20,18:00,"CHA,SAN",SAN,CHA
UTA @ POR,2/1/20,19:00,"UTA,POR",POR,UTA
LAL @ SAC,2/1/20,19:00,"LAL,SAC",SAC,LAL
DEN @ DET,2/2/20,9:30,"DEN,DET",DET,DEN
NOP @ HOU,2/2/20,11:00,"NOP,HOU",HOU,NOP
PHX @ MIL,2/2/20,11:00,"PHX,MIL",MIL,PHX
CHI @ TOR,2/2/20,12:00,"CHI,TOR",TOR,CHI
ORL @ CHA,2/3/20,16:00,"ORL,CHA",CHA,ORL
NYK @ CLE,2/3/20,16:00,"NYK,CLE",CLE,NYK
DAL @ IND,2/3/20,16:00,"DAL,IND",IND,DAL
GSW @ WAS,2/3/20,16:00,"GSW,WAS",WAS,GSW
BOS @ ATL,2/3/20,16:30,"BOS,ATL",ATL,BOS
PHX @ BRK,2/3/20,16:30,"PHX,BRK",BRK,PHX
PHI @ MIA,2/3/20,16:30,"PHI,MIA",MIA,PHI
DET @ MEM,2/3/20,17:00,"DET,MEM",MEM,DET
MIN @ SAC,2/3/20,19:00,"MIN,SAC",SAC,MIN
SAN @ LAC,2/3/20,19:30,"SAN,LAC",LAC,SAN
MIL @ NOP,2/4/20,16:30,"MIL,NOP",NOP,MIL
CHA @ HOU,2/4/20,17:00,"CHA,HOU",HOU,CHA
POR @ DEN,2/4/20,19:00,"POR,DEN",DEN,POR
SAN @ LAL,2/4/20,19:30,"SAN,LAL",LAL,SAN
PHX @ DET,2/5/20,16:00,"PHX,DET",DET,PHX
ORL @ BOS,2/5/20,16:30,"ORL,BOS",BOS,ORL
GSW @ BRK,2/5/20,16:30,"GSW,BRK",BRK,GSW
IND @ TOR,2/5/20,16:30,"IND,TOR",TOR,IND
ATL @ MIN,2/5/20,17:00,"ATL,MIN",MIN,ATL
CLE @ OKC,2/5/20,17:00,"CLE,OKC",OKC,CLE
MEM @ DAL,2/5/20,17:30,"MEM,DAL",DAL,MEM
DEN @ UTA,2/5/20,19:00,"DEN,UTA",UTA,DEN
MIA @ LAC,2/5/20,19:30,"MIA,LAC",LAC,MIA
ORL @ NYK,2/6/20,16:30,"ORL,NYK",NYK,ORL
NOP @ CHI,2/6/20,17:00,"NOP,CHI",CHI,NOP
PHI @ MIL,2/6/20,17:00,"PHI,MIL",MIL,PHI
SAN @ POR,2/6/20,19:00,"SAN,POR",POR,SAN
HOU @ LAL,2/6/20,19:30,"HOU,LAL",LAL,HOU
MEM @ PHI,2/7/20,16:00,"MEM,PHI",PHI,MEM
DAL @ WAS,2/7/20,16:00,"DAL,WAS",WAS,DAL
ATL @ BOS,2/7/20,16:30,"ATL,BOS",BOS,ATL
TOR @ IND,2/7/20,17:00,"TOR,IND",IND,TOR
DET @ OKC,2/7/20,17:00,"DET,OKC",OKC,DET
HOU @ PHX,2/7/20,18:00,"HOU,PHX",PHX,HOU
MIA @ SAC,2/7/20,19:00,"MIA,SAC",SAC,MIA
POR @ UTA,2/7/20,19:30,"POR,UTA",UTA,POR
MIL @ ORL,2/8/20,14:00,"MIL,ORL",ORL,MIL
DAL @ CHA,2/8/20,16:00,"DAL,CHA",CHA,DAL
NYK @ DET,2/8/20,16:00,"NYK,DET",DET,NYK
NOP @ IND,2/8/20,16:30,"NOP,IND",IND,NOP
BRK @ TOR,2/8/20,16:30,"BRK,TOR",TOR,BRK
LAC @ MIN,2/8/20,17:00,"LAC,MIN",MIN,LAC
LAL @ GSW,2/8/20,17:30,"LAL,GSW",GSW,LAL
DEN @ PHX,2/8/20,18:00,"DEN,PHX",PHX,DEN
SAN @ SAC,2/8/20,19:00,"SAN,SAC",SAC,SAN
BOS @ OKC,2/9/20,12:30,"BOS,OKC",OKC,BOS
NYK @ ATL,2/9/20,15:00,"NYK,ATL",ATL,NYK
CHI @ PHI,2/9/20,15:00,"CHI,PHI",PHI,CHI
MEM @ WAS,2/9/20,15:00,"MEM,WAS",WAS,MEM
UTA @ HOU,2/9/20,16:00,"UTA,HOU",HOU,UTA
LAC @ CLE,2/9/20,16:30,"LAC,CLE",CLE,LAC
MIA @ POR,2/9/20,18:00,"MIA,POR",POR,MIA
CHA @ DET,2/10/20,16:00,"CHA,DET",DET,CHA
BRK @ IND,2/10/20,16:00,"BRK,IND",IND,BRK
ATL @ ORL,2/10/20,16:00,"ATL,ORL",ORL,ATL
MIN @ TOR,2/10/20,16:30,"MIN,TOR",TOR,MIN
SAC @ MIL,2/10/20,17:00,"SAC,MIL",MIL,SAC
UTA @ DAL,2/10/20,17:30,"UTA,DAL",DAL,UTA
SAN @ DEN,2/10/20,18:00,"SAN,DEN",DEN,SAN
MIA @ GSW,2/10/20,19:30,"MIA,GSW",GSW,MIA
PHX @ LAL,2/10/20,19:30,"PHX,LAL",LAL,PHX
LAC @ PHI,2/11/20,16:00,"LAC,PHI",PHI,LAC
CHI @ WAS,2/11/20,16:00,"CHI,WAS",WAS,CHI
POR @ NOP,2/11/20,17:00,"POR,NOP",NOP,POR
SAN @ OKC,2/11/20,17:00,"SAN,OKC",OKC,SAN
BOS @ HOU,2/11/20,18:30,"BOS,HOU",HOU,BOS
ATL @ CLE,2/12/20,16:00,"ATL,CLE",CLE,ATL
DET @ ORL,2/12/20,16:00,"DET,ORL",ORL,DET
TOR @ BRK,2/12/20,16:30,"TOR,BRK",BRK,TOR
MIL @ IND,2/12/20,16:30,"MIL,IND",IND,MIL
WAS @ NYK,2/12/20,16:30,"WAS,NYK",NYK,WAS
POR @ MEM,2/12/20,17:00,"POR,MEM",MEM,POR
CHA @ MIN,2/12/20,17:00,"CHA,MIN",MIN,CHA
SAC @ DAL,2/12/20,17:30,"SAC,DAL",DAL,SAC
GSW @ PHX,2/12/20,18:00,"GSW,PHX",PHX,GSW
MIA @ UTA,2/12/20,18:00,"MIA,UTA",UTA,MIA
LAL @ DEN,2/12/20,19:00,"LAL,DEN",DEN,LAL
LAC @ BOS,2/13/20,17:00,"LAC,BOS",BOS,LAC
OKC @ NOP,2/13/20,17:00,"OKC,NOP",NOP,OKC
MIL @ DET,2/20/20,16:00,"MIL,DET",DET,MIL
MIA @ ATL,2/20/20,16:30,"MIA,ATL",ATL,MIA
BRK @ PHI,2/20/20,17:00,"BRK,PHI",PHI,BRK
CHA @ CHI,2/20/20,17:00,"CHA,CHI",CHI,CHA
MEM @ SAC,2/20/20,19:00,"MEM,SAC",SAC,MEM
HOU @ GSW,2/20/20,19:30,"HOU,GSW",GSW,HOU
DAL @ ORL,2/21/20,16:00,"DAL,ORL",ORL,DAL
CLE @ WAS,2/21/20,16:00,"CLE,WAS",WAS,CLE
IND @ NYK,2/21/20,16:30,"IND,NYK",NYK,IND
PHX @ TOR,2/21/20,16:30,"PHX,TOR",TOR,PHX
BOS @ MIN,2/21/20,17:00,"BOS,MIN",MIN,BOS
DEN @ OKC,2/21/20,17:00,"DEN,OKC",OKC,DEN
SAN @ UTA,2/21/20,18:00,"SAN,UTA",UTA,SAN
MEM @ LAL,2/21/20,19:30,"MEM,LAL",LAL,MEM
NOP @ POR,2/21/20,19:30,"NOP,POR",POR,NOP
SAC @ LAC,2/22/20,12:30,"SAC,LAC",LAC,SAC
BRK @ CHA,2/22/20,16:00,"BRK,CHA",CHA,BRK
DAL @ ATL,2/22/20,16:30,"DAL,ATL",ATL,DAL
CLE @ MIA,2/22/20,17:00,"CLE,MIA",MIA,CLE
PHX @ CHI,2/22/20,17:00,"PHX,CHI",CHI,PHX
PHI @ MIL,2/22/20,17:30,"PHI,MIL",MIL,PHI
HOU @ UTA,2/22/20,18:00,"HOU,UTA",UTA,HOU
BOS @ LAL,2/23/20,12:30,"BOS,LAL",LAL,BOS
IND @ TOR,2/23/20,15:00,"IND,TOR",TOR,IND
MIN @ DEN,2/23/20,15:00,"MIN,DEN",DEN,MIN
WAS @ CHI,2/23/20,16:00,"WAS,CHI",CHI,WAS
SAN @ OKC,2/23/20,16:00,"SAN,OKC",OKC,SAN
NOP @ GSW,2/23/20,17:30,"NOP,GSW",GSW,NOP
DET @ POR,2/23/20,18:00,"DET,POR",POR,DET
MIA @ CLE,2/24/20,16:00,"MIA,CLE",CLE,MIA
ATL @ PHI,2/24/20,16:00,"ATL,PHI",PHI,ATL
MIL @ WAS,2/24/20,16:00,"MIL,WAS",WAS,MIL
ORL @ BRK,2/24/20,16:30,"ORL,BRK",BRK,ORL
NYK @ HOU,2/24/20,17:00,"NYK,HOU",HOU,NYK
MIN @ DAL,2/24/20,17:30,"MIN,DAL",DAL,MIN
PHX @ UTA,2/24/20,18:00,"PHX,UTA",UTA,PHX
MEM @ LAC,2/24/20,19:30,"MEM,LAC",LAC,MEM
CHA @ IND,2/25/20,16:00,"CHA,IND",IND,CHA
MIL @ TOR,2/25/20,16:30,"MIL,TOR",TOR,MIL
OKC @ CHI,2/25/20,17:00,"OKC,CHI",CHI,OKC
DET @ DEN,2/25/20,18:00,"DET,DEN",DEN,DET
NOP @ LAL,2/25/20,19:00,"NOP,LAL",LAL,NOP
BOS @ POR,2/25/20,19:00,"BOS,POR",POR,BOS
SAC @ GSW,2/25/20,19:30,"SAC,GSW",GSW,SAC
NYK @ CHA,2/26/20,16:00,"NYK,CHA",CHA,NYK
PHI @ CLE,2/26/20,16:00,"PHI,CLE",CLE,PHI
BRK @ WAS,2/26/20,16:00,"BRK,WAS",WAS,BRK
ORL @ ATL,2/26/20,16:30,"ORL,ATL",ATL,ORL
MIN @ MIA,2/26/20,16:30,"MIN,MIA",MIA,MIN
DAL @ SAN,2/26/20,16:30,"DAL,SAN",SAN,DAL
MEM @ HOU,2/26/20,17:00,"MEM,HOU",HOU,MEM
LAC @ PHX,2/26/20,18:00,"LAC,PHX",PHX,LAC
BOS @ UTA,2/26/20,19:00,"BOS,UTA",UTA,BOS
NYK @ PHI,2/27/20,16:00,"NYK,PHI",PHI,NYK
POR @ IND,2/27/20,17:00,"POR,IND",IND,POR
SAC @ OKC,2/27/20,17:00,"SAC,OKC",OKC,SAC
LAL @ GSW,2/27/20,19:30,"LAL,GSW",GSW,LAL
MIN @ ORL,2/28/20,16:00,"MIN,ORL",ORL,MIN
BRK @ ATL,2/28/20,16:30,"BRK,ATL",ATL,BRK
CHA @ TOR,2/28/20,16:30,"CHA,TOR",TOR,CHA
DAL @ MIA,2/28/20,17:00,"DAL,MIA",MIA,DAL
SAC @ MEM,2/28/20,17:00,"SAC,MEM",MEM,SAC
OKC @ MIL,2/28/20,17:00,"OKC,MIL",MIL,OKC
CLE @ NOP,2/28/20,17:00,"CLE,NOP",NOP,CLE
DET @ PHX,2/28/20,18:00,"DET,PHX",PHX,DET
WAS @ UTA,2/28/20,18:00,"WAS,UTA",UTA,WAS
DEN @ LAC,2/28/20,19:30,"DEN,LAC",LAC,DEN
CHI @ NYK,2/29/20,14:00,"CHI,NYK",NYK,CHI
POR @ ATL,2/29/20,16:30,"POR,ATL",ATL,POR
BRK @ MIA,2/29/20,16:30,"BRK,MIA",MIA,BRK
IND @ CLE,2/29/20,17:00,"IND,CLE",CLE,IND
LAL @ MEM,2/29/20,17:00,"LAL,MEM",MEM,LAL
HOU @ BOS,2/29/20,17:30,"HOU,BOS",BOS,HOU
ORL @ SAN,2/29/20,17:30,"ORL,SAN",SAN,ORL
GSW @ PHX,2/29/20,18:00,"GSW,PHX",PHX,GSW
MIL @ CHA,3/1/20,10:00,"MIL,CHA",CHA,MIL
DAL @ MIN,3/1/20,12:30,"DAL,MIN",MIN,DAL
PHI @ LAC,3/1/20,12:30,"PHI,LAC",LAC,PHI
TOR @ DEN,3/1/20,15:00,"TOR,DEN",DEN,TOR
DET @ SAC,3/1/20,15:00,"DET,SAC",SAC,DET
LAL @ NOP,3/1/20,17:00,"LAL,NOP",NOP,LAL
WAS @ GSW,3/1/20,17:30,"WAS,GSW",GSW,WAS
UTA @ CLE,3/2/20,16:00,"UTA,CLE",CLE,UTA
HOU @ NYK,3/2/20,16:00,"HOU,NYK",NYK,HOU
POR @ ORL,3/2/20,16:00,"POR,ORL",ORL,POR
MEM @ ATL,3/2/20,16:30,"MEM,ATL",ATL,MEM
MIL @ MIA,3/2/20,16:30,"MIL,MIA",MIA,MIL
DAL @ CHI,3/2/20,17:00,"DAL,CHI",CHI,DAL
IND @ SAN,3/2/20,17:30,"IND,SAN",SAN,IND
SAN @ CHA,3/3/20,16:00,"SAN,CHA",CHA,SAN
BRK @ BOS,3/3/20,16:30,"BRK,BOS",BOS,BRK
MIN @ NOP,3/3/20,17:00,"MIN,NOP",NOP,MIN
LAC @ OKC,3/3/20,17:00,"LAC,OKC",OKC,LAC
GSW @ DEN,3/3/20,18:00,"GSW,DEN",DEN,GSW
TOR @ PHX,3/3/20,18:00,"TOR,PHX",PHX,TOR
PHI @ LAL,3/3/20,19:00,"PHI,LAL",LAL,PHI
WAS @ SAC,3/3/20,19:00,"WAS,SAC",SAC,WAS
BOS @ CLE,3/4/20,16:00,"BOS,CLE",CLE,BOS
OKC @ DET,3/4/20,16:00,"OKC,DET",DET,OKC
ORL @ MIA,3/4/20,16:00,"ORL,MIA",MIA,ORL
MEM @ BRK,3/4/20,16:30,"MEM,BRK",BRK,MEM
UTA @ NYK,3/4/20,16:30,"UTA,NYK",NYK,UTA
CHI @ MIN,3/4/20,17:00,"CHI,MIN",MIN,CHI
NOP @ DAL,3/4/20,17:30,"NOP,DAL",DAL,NOP
IND @ MIL,3/4/20,18:30,"IND,MIL",MIL,IND
WAS @ POR,3/4/20,19:00,"WAS,POR",POR,WAS
DEN @ CHA,3/5/20,16:00,"DEN,CHA",CHA,DEN
LAC @ HOU,3/5/20,17:00,"LAC,HOU",HOU,LAC
PHI @ SAC,3/5/20,19:00,"PHI,SAC",SAC,PHI
TOR @ GSW,3/5/20,19:30,"TOR,GSW",GSW,TOR
ATL @ WAS,3/6/20,16:00,"ATL,WAS",WAS,ATL
SAN @ BRK,3/6/20,16:30,"SAN,BRK",BRK,SAN
OKC @ NYK,3/6/20,16:30,"OKC,NYK",NYK,OKC
UTA @ BOS,3/6/20,17:00,"UTA,BOS",BOS,UTA
IND @ CHI,3/6/20,17:00,"IND,CHI",CHI,IND
ORL @ MIN,3/6/20,17:00,"ORL,MIN",MIN,ORL
MIA @ NOP,3/6/20,17:00,"MIA,NOP",NOP,MIA
MEM @ DAL,3/6/20,17:30,"MEM,DAL",DAL,MEM
POR @ PHX,3/6/20,18:00,"POR,PHX",PHX,POR
MIL @ LAL,3/6/20,19:30,"MIL,LAL",LAL,MIL
HOU @ CHA,3/7/20,14:00,"HOU,CHA",CHA,HOU
UTA @ DET,3/7/20,16:00,"UTA,DET",DET,UTA
DEN @ CLE,3/7/20,16:30,"DEN,CLE",CLE,DEN
ATL @ MEM,3/7/20,17:00,"ATL,MEM",MEM,ATL
PHI @ GSW,3/7/20,17:30,"PHI,GSW",GSW,PHI
SAC @ POR,3/7/20,19:00,"SAC,POR",POR,SAC
CHI @ BRK,3/8/20,12:00,"CHI,BRK",BRK,CHI
NOP @ MIN,3/8/20,12:30,"NOP,MIN",MIN,NOP
LAL @ LAC,3/8/20,12:30,"LAL,LAC",LAC,LAL
OKC @ BOS,3/8/20,15:00,"OKC,BOS",BOS,OKC
MIL @ PHX,3/8/20,15:00,"MIL,PHX",PHX,MIL
MIA @ WAS,3/8/20,16:00,"MIA,WAS",WAS,MIA
IND @ DAL,3/8/20,16:00,"IND,DAL",DAL,IND
ORL @ HOU,3/8/20,16:00,"ORL,HOU",HOU,ORL
SAN @ CLE,3/8/20,16:30,"SAN,CLE",CLE,SAN
DET @ NYK,3/8/20,16:30,"DET,NYK",NYK,DET
TOR @ SAC,3/8/20,18:00,"TOR,SAC",SAC,TOR
CHA @ ATL,3/9/20,16:30,"CHA,ATL",ATL,CHA
MIL @ DEN,3/9/20,18:00,"MIL,DEN",DEN,MIL
TOR @ UTA,3/9/20,18:00,"TOR,UTA",UTA,TOR
BOS @ IND,3/10/20,16:00,"BOS,IND",IND,BOS
NYK @ WAS,3/10/20,16:00,"NYK,WAS",WAS,NYK
CLE @ CHI,3/10/20,17:00,"CLE,CHI",CHI,CLE
MIN @ HOU,3/10/20,17:00,"MIN,HOU",HOU,MIN
ORL @ MEM,3/10/20,17:00,"ORL,MEM",MEM,ORL
DAL @ SAN,3/10/20,17:00,"DAL,SAN",SAN,DAL
PHX @ POR,3/10/20,19:00,"PHX,POR",POR,PHX
LAC @ GSW,3/10/20,19:30,"LAC,GSW",GSW,LAC
BRK @ LAL,3/10/20,19:30,"BRK,LAL",LAL,BRK
NYK @ ATL,3/11/20,16:30,"NYK,ATL",ATL,NYK
CHA @ MIA,3/11/20,16:30,"CHA,MIA",MIA,CHA
DET @ PHI,3/11/20,16:30,"DET,PHI",PHI,DET
UTA @ OKC,3/11/20,17:00,"UTA,OKC",OKC,UTA
DEN @ DAL,3/11/20,17:30,"DEN,DAL",DAL,DEN
NOP @ SAC,3/11/20,19:00,"NOP,SAC",SAC,NOP
CHI @ ORL,3/12/20,16:00,"CHI,ORL",ORL,CHI
BOS @ MIL,3/12/20,17:00,"BOS,MIL",MIL,BOS
MEM @ POR,3/12/20,19:00,"MEM,POR",POR,MEM
BRK @ GSW,3/12/20,19:30,"BRK,GSW",GSW,BRK
HOU @ LAL,3/12/20,19:30,"HOU,LAL",LAL,HOU
CLE @ CHA,3/13/20,16:00,"CLE,CHA",CHA,CLE
WAS @ BOS,3/13/20,16:30,"WAS,BOS",BOS,WAS
NYK @ MIA,3/13/20,17:00,"NYK,MIA",MIA,NYK
MIN @ OKC,3/13/20,17:00,"MIN,OKC",OKC,MIN
DEN @ SAN,3/13/20,17:30,"DEN,SAN",SAN,DEN
NOP @ UTA,3/13/20,18:00,"NOP,UTA",UTA,NOP
BRK @ LAC,3/13/20,19:30,"BRK,LAC",LAC,BRK
PHX @ DAL,3/14/20,11:00,"PHX,DAL",DAL,PHX
CLE @ ATL,3/14/20,16:30,"CLE,ATL",ATL,CLE
IND @ PHI,3/14/20,16:30,"IND,PHI",PHI,IND
DET @ TOR,3/14/20,16:30,"DET,TOR",TOR,DET
CHI @ MIA,3/14/20,17:00,"CHI,MIA",MIA,CHI
GSW @ MIL,3/14/20,17:30,"GSW,MIL",MIL,GSW
MIN @ SAN,3/14/20,17:30,"MIN,SAN",SAN,MIN
MEM @ UTA,3/14/20,18:00,"MEM,UTA",UTA,MEM
NOP @ LAC,3/14/20,19:30,"NOP,LAC",LAC,NOP
HOU @ POR,3/15/20,12:30,"HOU,POR",POR,HOU
CHA @ ORL,3/15/20,15:00,"CHA,ORL",ORL,CHA
OKC @ WAS,3/15/20,15:00,"OKC,WAS",WAS,OKC
BOS @ CHI,3/15/20,17:00,"BOS,CHI",CHI,BOS
DEN @ LAL,3/15/20,18:00,"DEN,LAL",LAL,DEN
BRK @ SAC,3/15/20,18:00,"BRK,SAC",SAC,BRK
WAS @ PHI,3/16/20,16:00,"WAS,PHI",PHI,WAS
GSW @ TOR,3/16/20,17:00,"GSW,TOR",TOR,GSW
MIA @ MIL,3/16/20,17:00,"MIA,MIL",MIL,MIA
ATL @ NOP,3/16/20,17:00,"ATL,NOP",NOP,ATL
MEM @ SAN,3/16/20,17:30,"MEM,SAN",SAN,MEM
LAL @ UTA,3/16/20,18:00,"LAL,UTA",UTA,LAL
DAL @ LAC,3/16/20,19:30,"DAL,LAC",LAC,DAL
ORL @ DET,3/17/20,16:00,"ORL,DET",DET,ORL
CHA @ NYK,3/17/20,16:30,"CHA,NYK",NYK,CHA
CLE @ HOU,3/17/20,17:00,"CLE,HOU",HOU,CLE
OKC @ MEM,3/17/20,17:00,"OKC,MEM",MEM,OKC
MIN @ POR,3/17/20,19:00,"MIN,POR",POR,MIN
DAL @ SAC,3/17/20,19:00,"DAL,SAC",SAC,DAL
TOR @ PHI,3/18/20,16:00,"TOR,PHI",PHI,TOR
OKC @ ATL,3/18/20,16:30,"OKC,ATL",ATL,OKC
NYK @ BOS,3/18/20,16:30,"NYK,BOS",BOS,NYK
WAS @ BRK,3/18/20,16:30,"WAS,BRK",BRK,WAS
GSW @ IND,3/18/20,16:30,"GSW,IND",IND,GSW
MIA @ CHI,3/18/20,17:00,"MIA,CHI",CHI,MIA
SAN @ NOP,3/18/20,17:00,"SAN,NOP",NOP,SAN
LAC @ DEN,3/18/20,18:00,"LAC,DEN",DEN,LAC
UTA @ LAL,3/18/20,19:00,"UTA,LAL",LAL,UTA
MIN @ PHX,3/18/20,19:00,"MIN,PHX",PHX,MIN
PHI @ CHA,3/19/20,16:00,"PHI,CHA",CHA,PHI
CLE @ ORL,3/19/20,16:00,"CLE,ORL",ORL,CLE
SAC @ HOU,3/19/20,17:00,"SAC,HOU",HOU,SAC
MEM @ MIL,3/19/20,17:00,"MEM,MIL",MIL,MEM
DAL @ POR,3/19/20,19:00,"DAL,POR",POR,DAL
GSW @ DET,3/20/20,16:00,"GSW,DET",DET,GSW
MIA @ IND,3/20/20,16:00,"MIA,IND",IND,MIA
WAS @ ATL,3/20/20,16:30,"WAS,ATL",ATL,WAS
BOS @ TOR,3/20/20,16:30,"BOS,TOR",TOR,BOS
DEN @ OKC,3/20/20,17:00,"DEN,OKC",OKC,DEN
CHI @ SAN,3/20/20,17:30,"CHI,SAN",SAN,CHI
MIN @ UTA,3/20/20,18:00,"MIN,UTA",UTA,MIN
PHX @ LAC,3/20/20,19:30,"PHX,LAC",LAC,PHX
BOS @ BRK,3/21/20,15:00,"BOS,BRK",BRK,BOS
LAL @ CHA,3/21/20,16:00,"LAL,CHA",CHA,LAL
CLE @ IND,3/21/20,16:00,"CLE,IND",IND,CLE
SAC @ ORL,3/21/20,16:00,"SAC,ORL",ORL,SAC
ATL @ PHI,3/21/20,16:00,"ATL,PHI",PHI,ATL
GSW @ NYK,3/21/20,16:30,"GSW,NYK",NYK,GSW
MIL @ WAS,3/21/20,17:00,"MIL,WAS",WAS,MIL
CHI @ HOU,3/21/20,17:00,"CHI,HOU",HOU,CHI
NOP @ MEM,3/21/20,17:00,"NOP,MEM",MEM,NOP
DAL @ PHX,3/21/20,19:00,"DAL,PHX",PHX,DAL
LAL @ DET,3/22/20,15:00,"LAL,DET",DET,LAL
DEN @ TOR,3/22/20,15:00,"DEN,TOR",TOR,DEN
POR @ MIN,3/22/20,16:00,"POR,MIN",MIN,POR
SAC @ NOP,3/22/20,16:00,"SAC,NOP",NOP,SAC
UTA @ SAN,3/22/20,16:00,"UTA,SAN",SAN,UTA
PHX @ IND,3/23/20,16:00,"PHX,IND",IND,PHX
LAC @ NYK,3/23/20,16:00,"LAC,NYK",NYK,LAC
BOS @ WAS,3/23/20,16:00,"BOS,WAS",WAS,BOS
ORL @ BRK,3/23/20,16:30,"ORL,BRK",BRK,ORL
OKC @ MIA,3/23/20,16:30,"OKC,MIA",MIA,OKC
DEN @ CHI,3/23/20,17:00,"DEN,CHI",CHI,DEN
DET @ MIL,3/23/20,17:00,"DET,MIL",MIL,DET
HOU @ DAL,3/23/20,17:30,"HOU,DAL",DAL,HOU
POR @ CHA,3/24/20,16:00,"POR,CHA",CHA,POR
SAC @ CLE,3/24/20,16:00,"SAC,CLE",CLE,SAC
LAL @ TOR,3/24/20,16:30,"LAL,TOR",TOR,LAL
PHI @ MIN,3/24/20,17:00,"PHI,MIN",MIN,PHI
MEM @ NOP,3/24/20,17:00,"MEM,NOP",NOP,MEM
SAN @ UTA,3/24/20,19:00,"SAN,UTA",UTA,SAN
LAC @ BRK,3/25/20,16:00,"LAC,BRK",BRK,LAC
POR @ DET,3/25/20,16:00,"POR,DET",DET,POR
IND @ ORL,3/25/20,16:00,"IND,ORL",ORL,IND
PHX @ WAS,3/25/20,16:00,"PHX,WAS",WAS,PHX
DEN @ MIA,3/25/20,16:30,"DEN,MIA",MIA,DEN
TOR @ NYK,3/25/20,16:30,"TOR,NYK",NYK,TOR
BOS @ MEM,3/25/20,17:00,"BOS,MEM",MEM,BOS
HOU @ MIL,3/25/20,18:30,"HOU,MIL",MIL,HOU
ATL @ GSW,3/25/20,19:30,"ATL,GSW",GSW,ATL
LAL @ CLE,3/26/20,16:00,"LAL,CLE",CLE,LAL
PHI @ CHI,3/26/20,17:00,"PHI,CHI",CHI,PHI
SAN @ MIN,3/26/20,17:00,"SAN,MIN",MIN,SAN
CHA @ OKC,3/26/20,17:00,"CHA,OKC",OKC,CHA
UTA @ DAL,3/26/20,17:30,"UTA,DAL",DAL,UTA
ATL @ SAC,3/26/20,19:00,"ATL,SAC",SAC,ATL
LAC @ DET,3/27/20,16:00,"LAC,DET",DET,LAC
HOU @ IND,3/27/20,16:00,"HOU,IND",IND,HOU
BRK @ ORL,3/27/20,16:00,"BRK,ORL",ORL,BRK
PHX @ PHI,3/27/20,16:00,"PHX,PHI",PHI,PHX
POR @ BOS,3/27/20,16:30,"POR,BOS",BOS,POR
NYK @ NOP,3/27/20,17:00,"NYK,NOP",NOP,NYK
WAS @ MIL,3/27/20,17:30,"WAS,MIL",MIL,WAS
SAN @ DEN,3/27/20,18:00,"SAN,DEN",DEN,SAN
CLE @ BRK,3/28/20,15:00,"CLE,BRK",BRK,CLE
LAC @ CHA,3/28/20,16:00,"LAC,CHA",CHA,LAC
PHX @ MIA,3/28/20,17:00,"PHX,MIA",MIA,PHX
LAL @ WAS,3/28/20,17:00,"LAL,WAS",WAS,LAL
NYK @ CHI,3/28/20,17:00,"NYK,CHI",CHI,NYK
TOR @ MEM,3/28/20,17:00,"TOR,MEM",MEM,TOR
OKC @ GSW,3/28/20,17:30,"OKC,GSW",GSW,OKC
ATL @ UTA,3/28/20,18:00,"ATL,UTA",UTA,ATL
MIL @ DAL,3/29/20,12:00,"MIL,DAL",DAL,MIL
HOU @ DET,3/29/20,14:00,"HOU,DET",DET,HOU
MIN @ BOS,3/29/20,15:00,"MIN,BOS",BOS,MIN
NOP @ ORL,3/29/20,15:00,"NOP,ORL",ORL,NOP
POR @ PHI,3/29/20,16:30,"POR,PHI",PHI,POR
SAN @ GSW,3/29/20,17:30,"SAN,GSW",GSW,SAN
IND @ SAC,3/29/20,18:00,"IND,SAC",SAC,IND
MIA @ CHA,3/30/20,16:00,"MIA,CHA",CHA,MIA
PHX @ CLE,3/30/20,16:00,"PHX,CLE",CLE,PHX
POR @ BRK,3/30/20,16:30,"POR,BRK",BRK,POR
MEM @ TOR,3/30/20,16:30,"MEM,TOR",TOR,MEM
LAL @ MIN,3/30/20,17:00,"LAL,MIN",MIN,LAL
OKC @ DEN,3/30/20,18:00,"OKC,DEN",DEN,OKC
CHI @ UTA,3/30/20,18:00,"CHI,UTA",UTA,CHI
IND @ LAC,3/30/20,19:30,"IND,LAC",LAC,IND
NOP @ ATL,3/31/20,16:30,"NOP,ATL",ATL,NOP
HOU @ PHI,3/31/20,16:30,"HOU,PHI",PHI,HOU
DEN @ GSW,3/31/20,19:00,"DEN,GSW",GSW,DEN
SAN @ SAC,3/31/20,19:00,"SAN,SAC",SAC,SAN
CHA @ ORL,4/1/20,16:00,"CHA,ORL",ORL,CHA
NOP @ WAS,4/1/20,16:00,"NOP,WAS",WAS,NOP
MIA @ BOS,4/1/20,16:30,"MIA,BOS",BOS,MIA
DET @ BRK,4/1/20,16:30,"DET,BRK",BRK,DET
NYK @ MEM,4/1/20,17:00,"NYK,MEM",MEM,NYK
DAL @ MIN,4/1/20,17:00,"DAL,MIN",MIN,DAL
PHX @ OKC,4/1/20,17:00,"PHX,OKC",OKC,PHX
TOR @ MIL,4/1/20,18:00,"TOR,MIL",MIL,TOR
CLE @ UTA,4/1/20,18:00,"CLE,UTA",UTA,CLE
IND @ LAL,4/1/20,19:30,"IND,LAL",LAL,IND
GSW @ HOU,4/2/20,17:00,"GSW,HOU",HOU,GSW
LAC @ SAC,4/2/20,19:00,"LAC,SAC",SAC,LAC
UTA @ POR,4/2/20,19:30,"UTA,POR",POR,UTA
MIA @ DET,4/3/20,16:00,"MIA,DET",DET,MIA
BRK @ IND,4/3/20,16:00,"BRK,IND",IND,BRK
PHI @ WAS,4/3/20,16:00,"PHI,WAS",WAS,PHI
CHA @ ATL,4/3/20,16:30,"CHA,ATL",ATL,CHA
ORL @ BOS,4/3/20,16:30,"ORL,BOS",BOS,ORL
MIN @ NYK,4/3/20,16:30,"MIN,NYK",NYK,MIN
MIL @ TOR,4/3/20,16:30,"MIL,TOR",TOR,MIL
DAL @ MEM,4/3/20,17:00,"DAL,MEM",MEM,DAL
GSW @ SAN,4/3/20,17:30,"GSW,SAN",SAN,GSW
CHI @ DEN,4/3/20,18:00,"CHI,DEN",DEN,CHI
CLE @ PHX,4/3/20,19:00,"CLE,PHX",PHX,CLE
OKC @ LAC,4/4/20,12:30,"OKC,LAC",LAC,OKC
LAL @ SAC,4/4/20,19:00,"LAL,SAC",SAC,LAL
ATL @ CHA,4/5/20,10:00,"ATL,CHA",CHA,ATL
ORL @ PHI,4/5/20,10:00,"ORL,PHI",PHI,ORL
MIL @ BOS,4/5/20,12:30,"MIL,BOS",BOS,MIL
WAS @ IND,4/5/20,14:00,"WAS,IND",IND,WAS
MIA @ NYK,4/5/20,14:00,"MIA,NYK",NYK,MIA
DAL @ BRK,4/5/20,15:00,"DAL,BRK",BRK,DAL
UTA @ DEN,4/5/20,15:00,"UTA,DEN",DEN,UTA
CHI @ PHX,4/5/20,15:00,"CHI,PHX",PHX,CHI
TOR @ HOU,4/5/20,16:00,"TOR,HOU",HOU,TOR
DET @ MIN,4/5/20,16:00,"DET,MIN",MIN,DET
NOP @ SAN,4/5/20,16:00,"NOP,SAN",SAN,NOP
MEM @ POR,4/5/20,18:00,"MEM,POR",POR,MEM
CLE @ SAC,4/5/20,18:00,"CLE,SAC",SAC,CLE
OKC @ LAL,4/5/20,18:30,"OKC,LAL",LAL,OKC
TOR @ WAS,4/7/20,16:00,"TOR,WAS",WAS,TOR
DET @ ATL,4/7/20,16:30,"DET,ATL",ATL,DET
IND @ MIA,4/7/20,16:30,"IND,MIA",MIA,IND
MIL @ PHI,4/7/20,16:30,"MIL,PHI",PHI,MIL
PHX @ MIN,4/7/20,17:00,"PHX,MIN",MIN,PHX
CHA @ NOP,4/7/20,17:00,"CHA,NOP",NOP,CHA
BRK @ OKC,4/7/20,17:00,"BRK,OKC",OKC,BRK
HOU @ DAL,4/7/20,17:30,"HOU,DAL",DAL,HOU
SAC @ SAN,4/7/20,17:30,"SAC,SAN",SAN,SAC
MEM @ DEN,4/7/20,18:00,"MEM,DEN",DEN,MEM
LAC @ UTA,4/7/20,19:00,"LAC,UTA",UTA,LAC
CLE @ POR,4/7/20,19:00,"CLE,POR",POR,CLE
CHI @ LAL,4/7/20,19:30,"CHI,LAL",LAL,CHI
IND @ BOS,4/8/20,16:00,"IND,BOS",BOS,IND
TOR @ CHA,4/8/20,16:00,"TOR,CHA",CHA,TOR
ORL @ NYK,4/8/20,16:30,"ORL,NYK",NYK,ORL
SAN @ HOU,4/8/20,18:30,"SAN,HOU",HOU,SAN
CLE @ GSW,4/8/20,19:30,"CLE,GSW",GSW,CLE
CHI @ LAC,4/8/20,19:30,"CHI,LAC",LAC,CHI
DET @ MIA,4/9/20,16:30,"DET,MIA",MIA,DET
BRK @ MIL,4/9/20,17:00,"BRK,MIL",MIL,BRK
SAC @ MIN,4/9/20,17:00,"SAC,MIN",MIN,SAC
PHX @ NOP,4/9/20,17:00,"PHX,NOP",NOP,PHX
DEN @ POR,4/9/20,19:00,"DEN,POR",POR,DEN
GSW @ LAL,4/9/20,19:30,"GSW,LAL",LAL,GSW
BOS @ ORL,4/10/20,16:00,"BOS,ORL",ORL,BOS
ATL @ TOR,4/10/20,16:30,"ATL,TOR",TOR,ATL
WAS @ HOU,4/10/20,17:00,"WAS,HOU",HOU,WAS
NYK @ OKC,4/10/20,17:00,"NYK,OKC",OKC,NYK
PHI @ SAN,4/10/20,17:30,"PHI,SAN",SAN,PHI
DET @ DAL,4/11/20,12:00,"DET,DAL",DAL,DET
WAS @ CHA,4/11/20,16:00,"WAS,CHA",CHA,WAS
ORL @ IND,4/11/20,16:00,"ORL,IND",IND,ORL
PHI @ NOP,4/11/20,16:00,"PHI,NOP",NOP,PHI
MIL @ CLE,4/11/20,16:30,"MIL,CLE",CLE,MIL
BOS @ MIA,4/11/20,17:00,"BOS,MIA",MIA,BOS
BRK @ CHI,4/11/20,17:00,"BRK,CHI",CHI,BRK
OKC @ MEM,4/11/20,17:00,"OKC,MEM",MEM,OKC
GSW @ LAC,4/11/20,17:30,"GSW,LAC",LAC,GSW
SAC @ DEN,4/11/20,18:00,"SAC,DEN",DEN,SAC
UTA @ PHX,4/11/20,19:00,"UTA,PHX",PHX,UTA
HOU @ SAN,4/12/20,12:30,"HOU,SAN",SAN,HOU
NYK @ TOR,4/12/20,15:00,"NYK,TOR",TOR,NYK
ATL @ MIL,4/12/20,16:00,"ATL,MIL",MIL,ATL
MIN @ LAL,4/12/20,18:30,"MIN,LAL",LAL,MIN
MIA @ CHA,4/13/20,16:00,"MIA,CHA",CHA,MIA
BRK @ CLE,4/13/20,16:00,"BRK,CLE",CLE,BRK
BOS @ DET,4/13/20,16:00,"BOS,DET",DET,BOS
SAN @ IND,4/13/20,16:00,"SAN,IND",IND,SAN
ORL @ CHI,4/13/20,17:00,"ORL,CHI",CHI,ORL
PHX @ HOU,4/13/20,17:00,"PHX,HOU",HOU,PHX
PHI @ MEM,4/13/20,17:00,"PHI,MEM",MEM,PHI
WAS @ NOP,4/13/20,17:00,"WAS,NOP",NOP,WAS
UTA @ OKC,4/13/20,17:00,"UTA,OKC",OKC,UTA
DAL @ DEN,4/13/20,18:00,"DAL,DEN",DEN,DAL
POR @ GSW,4/13/20,19:30,"POR,GSW",GSW,POR
MIN @ LAC,4/13/20,19:30,"MIN,LAC",LAC,MIN
TOR @ MIA,4/14/20,16:30,"TOR,MIA",MIA,TOR
DET @ NYK,4/14/20,16:30,"DET,NYK",NYK,DET
DEN @ UTA,4/14/20,19:00,"DEN,UTA",UTA,DEN
SAC @ LAL,4/14/20,19:30,"SAC,LAL",LAL,SAC
CLE @ ATL,4/15/20,16:30,"CLE,ATL",ATL,CLE
CHI @ BOS,4/15/20,16:30,"CHI,BOS",BOS,CHI
MIL @ BRK,4/15/20,16:30,"MIL,BRK",BRK,MIL
TOR @ ORL,4/15/20,16:30,"TOR,ORL",ORL,TOR
CHA @ PHI,4/15/20,16:30,"CHA,PHI",PHI,CHA
IND @ WAS,4/15/20,16:30,"IND,WAS",WAS,IND
OKC @ DAL,4/15/20,16:30,"OKC,DAL",DAL,OKC
MEM @ HOU,4/15/20,16:30,"MEM,HOU",HOU,MEM
NYK @ MIN,4/15/20,16:30,"NYK,MIN",MIN,NYK
NOP @ SAN,4/15/20,16:30,"NOP,SAN",SAN,NOP
LAL @ PHX,4/15/20,19:00,"LAL,PHX",PHX,LAL
LAC @ POR,4/15/20,19:00,"LAC,POR",POR,LAC
GSW @ SAC,4/15/20,19:00,"GSW,SAC",SAC,GSW